680,197,25820,2022-01-01 02:01:45,top up
998,288,42664,2022-01-01 17:57:07,top up
2011,573,17428,2022-01-02 07:42:31,top up
1544,444,-3045,2022-01-03 11:25:30,withdraw
1618,463,25954,2022-01-04 04:35:02,top up
1513,435,9986,2022-01-04 13:38:12,top up
1939,551,8677,2022-01-05 08:10:49,top up
230,67,40559,2022-01-05 10:14:50,top up
139,39,26968,2022-01-05 15:50:48,top up
958,278,3356,2022-01-06 04:51:41,top up
1828,523,20146,2022-01-06 05:53:43,top up
2095,597,9702,2022-01-06 07:38:36,top up
510,145,16438,2022-01-06 14:52:35,top up
347,99,29884,2022-01-06 16:30:58,top up
972,281,21655,2022-01-06 22:40:03,top up
1467,423,4368,2022-01-06 23:58:51,top up
1866,533,-24313,2022-01-09 00:39:17,withdraw
1688,483,-10630,2022-01-10 00:49:14,withdraw
1155,337,45351,2022-01-11 00:13:21,top up
203,58,16052,2022-01-11 19:30:39,top up
1131,330,-14242,2022-01-11 20:01:17,withdraw
174,50,14429,2022-01-11 22:22:09,top up
1766,502,15746,2022-01-12 03:23:57,top up
720,207,28785,2022-01-12 06:33:41,top up
1536,441,35576,2022-01-13 02:51:38,top up
1123,328,32642,2022-01-14 01:24:46,top up
1681,481,26798,2022-01-14 04:47:52,top up
874,252,-13949,2022-01-15 06:56:41,withdraw
951,276,39034,2022-01-15 09:16:53,top up
1689,483,42168,2022-01-19 23:43:39,top up
121,34,4295,2022-01-20 03:23:28,top up
712,205,23899,2022-01-20 11:27:07,top up
1573,451,-26067,2022-01-20 16:07:17,withdraw
1045,302,13602,2022-01-20 21:47:33,top up
1540,443,29902,2022-01-21 01:18:35,top up
1322,383,33342,2022-01-21 10:12:24,top up
166,47,15508,2022-01-22 23:20:49,top up
551,156,39108,2022-01-24 00:00:02,top up
154,43,47772,2022-01-25 10:37:45,top up
946,274,30325,2022-01-26 09:27:22,top up
1401,404,-2933,2022-01-26 21:14:18,withdraw
187,53,5411,2022-01-27 12:11:52,top up
1339,387,47622,2022-01-27 18:25:51,top up
593,172,-10013,2022-01-28 00:21:15,withdraw
1966,557,-11062,2022-01-28 00:59:48,withdraw
466,133,8599,2022-01-28 12:22:53,top up
1232,359,11772,2022-01-28 14:50:20,top up
73,20,26302,2022-01-29 09:36:01,top up
677,196,14145,2022-01-29 16:58:57,top up
423,121,46734,2022-01-30 01:24:19,top up
1716,489,-13754,2022-01-30 20:43:27,withdraw
902,259,-12265,2022-01-31 06:32:32,withdraw
447,128,10805,2022-01-31 11:43:10,top up
283,82,47466,2022-01-31 13:47:46,top up
32,9,2415,2022-01-31 19:21:06,top up
1742,496,37329,2022-01-31 19:58:22,top up
1262,367,12402,2022-01-31 21:17:03,top up
69,19,-19389,2022-02-01 19:25:06,withdraw
1350,390,26635,2022-02-02 08:40:32,top up
603,174,31752,2022-02-03 22:25:24,top up
1423,410,29043,2022-02-04 01:12:18,top up
529,150,36984,2022-02-04 10:53:48,top up
506,144,-13743,2022-02-05 05:54:52,withdraw
171,49,-17644,2022-02-05 18:49:48,withdraw
1479,426,1319,2022-02-06 09:22:05,top up
320,91,22960,2022-02-07 04:30:20,top up
511,145,18746,2022-02-07 05:02:19,top up
424,121,1058,2022-02-07 07:28:18,top up
110,31,32163,2022-02-07 08:32:58,top up
1384,400,-2427,2022-02-08 19:40:15,withdraw
517,147,24874,2022-02-09 22:31:49,top up
1802,515,7991,2022-02-10 16:33:13,top up
2104,600,24627,2022-02-11 12:25:56,top up
5,2,5378,2022-02-13 03:10:54,top up
1899,542,-4441,2022-02-14 00:23:02,withdraw
1389,401,38476,2022-02-14 17:50:14,top up
1829,523,-2175,2022-02-16 03:02:46,withdraw
809,233,-4618,2022-02-16 04:13:14,withdraw
608,176,20248,2022-02-16 13:27:57,top up
161,45,44863,2022-02-16 20:07:00,top up
865,250,-15858,2022-02-17 05:34:11,withdraw
1727,492,35388,2022-02-19 08:26:49,top up
2081,593,21239,2022-02-19 08:33:36,top up
155,43,-13299,2022-02-19 15:13:46,withdraw
1900,542,-29925,2022-02-21 20:33:29,withdraw
383,109,48021,2022-02-22 04:20:27,top up
1323,383,-8989,2022-02-23 08:28:49,withdraw
1156,337,-2611,2022-02-23 12:28:28,withdraw
81,23,-4828,2022-02-23 16:19:20,withdraw
1326,384,-18463,2022-02-23 16:27:36,withdraw
963,279,6570,2022-02-24 07:29:48,top up
1454,419,-1948,2022-02-25 01:58:10,withdraw
418,119,31718,2022-02-25 04:39:13,top up
775,223,22468,2022-02-25 07:17:49,top up
1317,382,19472,2022-02-25 12:05:30,top up
330,94,29584,2022-02-25 13:14:56,top up
1001,289,15425,2022-02-25 15:08:34,top up
1976,560,-4267,2022-02-25 16:50:37,withdraw
1907,544,-8476,2022-02-26 04:14:20,withdraw
1908,544,6509,2022-02-26 13:24:03,top up
1706,487,45369,2022-02-26 19:01:22,top up
1245,363,-2103,2022-02-27 20:11:23,withdraw
952,276,-15122,2022-02-27 20:52:36,withdraw
1574,451,-15827,2022-02-28 01:30:22,withdraw
36,10,18681,2022-02-28 08:16:22,top up
2050,585,30407,2022-02-28 12:44:25,top up
1439,415,6356,2022-02-28 19:19:40,top up
217,63,7452,2022-03-02 01:13:55,top up
492,139,12704,2022-03-02 15:14:12,top up
743,214,42511,2022-03-04 03:38:12,top up
515,146,39389,2022-03-04 11:00:27,top up
1602,458,5754,2022-03-04 17:35:34,top up
708,204,-15607,2022-03-06 00:43:32,withdraw
1622,464,10182,2022-03-06 11:51:58,top up
854,246,47608,2022-03-06 15:33:30,top up
1768,503,15032,2022-03-08 00:59:18,top up
942,272,8579,2022-03-09 11:42:22,top up
1784,509,7044,2022-03-09 16:20:41,top up
973,281,-19915,2022-03-10 10:36:24,withdraw
1548,445,44955,2022-03-10 14:48:38,top up
1665,476,22928,2022-03-10 16:03:42,top up
1268,369,-9027,2022-03-11 07:02:28,withdraw
1785,509,-7044,2022-03-11 15:05:40,withdraw
1010,292,-3479,2022-03-11 15:22:15,withdraw
1901,542,28011,2022-03-11 16:07:40,top up
681,197,29470,2022-03-11 18:53:50,top up
331,94,36608,2022-03-12 15:55:48,top up
1305,379,24203,2022-03-12 18:46:23,top up
1673,479,-16149,2022-03-13 04:14:41,withdraw
1440,415,1900,2022-03-13 10:13:22,top up
370,105,37387,2022-03-13 17:55:25,top up
1605,459,49519,2022-03-14 01:05:08,top up
419,119,23427,2022-03-14 08:48:49,top up
709,204,8966,2022-03-14 20:23:46,top up
1569,450,-3570,2022-03-15 04:35:32,withdraw
1239,361,45163,2022-03-15 17:52:41,top up
715,206,-27315,2022-03-16 23:09:39,withdraw
1186,347,4606,2022-03-17 09:29:59,top up
1935,550,49770,2022-03-17 21:10:55,top up
2105,600,-21624,2022-03-19 20:50:23,withdraw
1426,411,-9130,2022-03-22 06:17:39,withdraw
463,132,-9073,2022-03-22 16:38:31,withdraw
442,127,18110,2022-03-23 13:39:32,top up
1170,342,6593,2022-03-23 21:37:36,top up
1074,311,9223,2022-03-24 14:12:57,top up
268,79,-1951,2022-03-24 18:55:20,withdraw
487,138,36364,2022-03-25 18:45:08,top up
1312,381,48118,2022-03-26 06:10:33,top up
629,182,-19148,2022-03-26 11:17:53,withdraw
518,147,22272,2022-03-26 17:43:33,top up
1711,488,19877,2022-03-26 19:02:51,top up
1015,294,-2135,2022-03-26 20:37:48,withdraw
1382,399,34310,2022-03-28 01:09:43,top up
713,205,-8944,2022-03-28 11:29:06,withdraw
1746,497,-9752,2022-03-28 21:48:10,withdraw
214,62,3663,2022-03-30 00:14:08,top up
1498,432,-17137,2022-03-30 01:53:40,withdraw
530,150,-8874,2022-03-30 17:05:40,withdraw
85,24,-1601,2022-04-01 00:22:57,withdraw
1227,358,-24486,2022-04-01 07:11:40,withdraw
1157,338,9646,2022-04-01 22:27:11,top up
727,209,26383,2022-04-02 08:22:57,top up
325,92,3618,2022-04-03 08:43:21,top up
1431,413,36310,2022-04-04 21:18:40,top up
1135,331,26745,2022-04-04 22:25:50,top up
246,72,-5352,2022-04-05 17:26:49,withdraw
103,29,-7713,2022-04-06 01:38:13,withdraw
1218,356,-27291,2022-04-06 11:33:18,withdraw
1484,427,36412,2022-04-06 11:38:22,top up
117,33,-4345,2022-04-06 20:55:05,withdraw
1885,539,43088,2022-04-08 00:16:24,top up
766,221,47991,2022-04-08 02:09:57,top up
1843,526,-14015,2022-04-08 15:33:33,withdraw
944,273,12509,2022-04-08 20:57:57,top up
420,120,43136,2022-04-09 17:30:40,top up
132,37,-2471,2022-04-10 12:55:13,withdraw
376,107,-10448,2022-04-10 22:38:35,withdraw
1444,416,46627,2022-04-11 02:26:51,top up
450,129,32819,2022-04-12 11:15:49,top up
531,150,18924,2022-04-13 12:13:09,top up
1405,405,41069,2022-04-14 13:57:42,top up
520,148,42224,2022-04-14 19:39:08,top up
1406,405,2813,2022-04-14 20:09:54,top up
59,16,8651,2022-04-15 10:04:59,top up
521,148,36639,2022-04-16 06:03:22,top up
1480,426,48463,2022-04-16 17:20:01,top up
634,183,46163,2022-04-17 06:27:42,top up
1522,438,5807,2022-04-17 20:59:51,top up
1773,505,-4257,2022-04-18 17:17:04,withdraw
777,224,2573,2022-04-18 17:53:28,top up
1777,506,31728,2022-04-19 05:28:40,top up
2065,589,-15013,2022-04-19 09:10:34,withdraw
1346,389,34771,2022-04-19 11:15:00,top up
1867,533,41359,2022-04-19 21:54:21,top up
1402,404,-10442,2022-04-22 00:03:12,withdraw
826,237,49034,2022-04-22 07:18:31,top up
1643,469,29974,2022-04-22 16:12:19,top up
2031,579,32917,2022-04-23 22:33:03,top up
1904,543,-20348,2022-04-24 13:09:42,withdraw
476,135,15163,2022-04-24 19:55:30,top up
894,257,2567,2022-04-25 06:13:52,top up
1747,497,-24759,2022-04-25 08:09:35,withdraw
1378,398,11389,2022-04-25 13:14:32,top up
561,160,7627,2022-04-25 15:48:46,top up
12,4,-21065,2022-04-26 02:19:04,withdraw
1800,514,6516,2022-04-26 22:31:53,top up
458,131,3435,2022-04-27 06:06:43,top up
698,201,40302,2022-04-27 18:06:42,top up
1902,542,-11539,2022-04-28 07:22:19,withdraw
1683,482,15350,2022-04-28 16:23:58,top up
1223,357,-24348,2022-04-28 21:42:17,withdraw
1011,292,3479,2022-04-29 03:53:56,top up
1737,495,7416,2022-04-29 09:11:24,top up
625,181,36403,2022-04-30 03:27:50,top up
1340,387,-26692,2022-04-30 04:42:47,withdraw
833,239,36161,2022-05-01 12:10:01,top up
1781,508,-4799,2022-05-01 13:31:31,withdraw
798,230,13116,2022-05-01 19:44:04,top up
1485,427,21869,2022-05-02 13:44:41,top up
172,49,2750,2022-05-02 19:39:02,top up
1791,511,14546,2022-05-03 12:09:21,top up
1152,336,26187,2022-05-03 23:52:19,top up
1748,497,34511,2022-05-06 23:20:27,top up
1246,363,42247,2022-05-07 06:24:39,top up
126,35,7155,2022-05-07 10:08:25,top up
399,114,-15494,2022-05-08 02:42:20,withdraw
1127,329,27749,2022-05-09 10:22:59,top up
1492,430,1555,2022-05-09 15:56:15,top up
1026,297,25208,2022-05-10 03:49:04,top up
580,167,10200,2022-05-10 22:05:01,top up
1287,373,-19019,2022-05-10 22:08:50,withdraw
1701,486,20946,2022-05-11 04:25:45,top up
388,111,-11961,2022-05-11 20:11:42,withdraw
260,77,1294,2022-05-12 01:18:31,top up
1917,546,44083,2022-05-12 12:09:09,top up
1020,295,31230,2022-05-13 01:52:44,top up
866,250,-3932,2022-05-13 06:52:02,withdraw
664,193,47217,2022-05-13 19:04:19,top up
2040,582,5308,2022-05-13 22:43:32,top up
269,79,-8116,2022-05-14 06:46:23,withdraw
2091,596,-10875,2022-05-14 13:31:24,withdraw
763,220,17296,2022-05-14 17:55:18,top up
149,42,9965,2022-05-15 08:31:15,top up
1881,538,11483,2022-05-15 14:29:50,top up
1808,517,24415,2022-05-16 18:17:14,top up
1070,310,37067,2022-05-17 01:22:16,top up
1301,378,30496,2022-05-17 02:19:37,top up
806,232,19165,2022-05-17 18:17:42,top up
545,154,49490,2022-05-17 23:45:31,top up
1523,438,-7782,2022-05-18 15:26:06,withdraw
169,48,35606,2022-05-20 10:42:25,top up
915,263,-27453,2022-05-21 09:30:25,withdraw
1912,545,47394,2022-05-21 11:26:50,top up
1650,471,20360,2022-05-21 15:55:33,top up
355,101,13606,2022-05-22 03:18:58,top up
144,41,48256,2022-05-22 05:53:54,top up
1882,538,29850,2022-05-22 09:49:23,top up
814,234,34196,2022-05-22 17:23:59,top up
305,88,-11378,2022-05-22 18:52:49,withdraw
127,35,-7155,2022-05-23 15:06:13,withdraw
1013,293,-3777,2022-05-24 11:40:25,withdraw
1707,487,-13973,2022-05-24 11:57:57,withdraw
2027,578,7108,2022-05-24 21:57:08,top up
1609,461,-761,2022-05-26 05:52:04,withdraw
1476,425,48980,2022-05-26 12:30:54,top up
41,11,27162,2022-05-27 00:46:58,top up
964,279,45352,2022-05-27 01:23:15,top up
1738,495,49972,2022-05-27 02:28:51,top up
1145,334,6278,2022-05-27 05:06:15,top up
533,151,-11215,2022-05-27 16:15:20,withdraw
1273,370,34052,2022-05-28 03:28:48,top up
1027,297,22129,2022-05-28 12:25:48,top up
822,236,-8191,2022-05-28 23:46:59,withdraw
218,63,27844,2022-05-29 15:21:11,top up
1040,300,21378,2022-05-30 01:18:02,top up
1930,549,-7590,2022-05-30 05:04:49,withdraw
321,91,48041,2022-05-30 14:47:07,top up
1926,548,29714,2022-05-31 01:35:40,top up
583,168,24330,2022-05-31 22:19:38,top up
278,81,20493,2022-05-31 23:06:24,top up
111,31,6083,2022-06-01 11:15:06,top up
967,280,35874,2022-06-01 16:03:36,top up
911,262,25788,2022-06-01 17:52:26,top up
1753,499,38363,2022-06-03 01:58:29,top up
581,167,-9905,2022-06-03 09:40:31,withdraw
2018,575,14623,2022-06-03 15:55:26,top up
228,66,7880,2022-06-03 21:58:24,top up
1327,384,44369,2022-06-04 02:31:31,top up
591,171,20645,2022-06-04 13:42:28,top up
1517,437,35574,2022-06-05 16:47:23,top up
1787,510,-21405,2022-06-06 22:11:44,withdraw
1150,335,33707,2022-06-07 09:06:31,top up
1458,420,-23759,2022-06-08 05:12:42,withdraw
504,143,18185,2022-06-08 06:14:43,top up
1331,385,25288,2022-06-09 01:03:34,top up
1196,350,14901,2022-06-09 01:44:16,top up
95,27,39613,2022-06-09 10:44:32,top up
1192,349,18550,2022-06-09 16:55:42,top up
895,257,27595,2022-06-09 21:32:04,top up
2044,583,-10279,2022-06-09 22:38:21,withdraw
287,83,-18159,2022-06-10 01:12:24,withdraw
1139,332,49619,2022-06-12 20:40:08,top up
427,122,2817,2022-06-14 03:01:48,top up
377,107,-11527,2022-06-14 20:03:29,withdraw
1895,541,-559,2022-06-16 10:01:15,withdraw
407,116,20901,2022-06-16 16:30:44,top up
1820,520,23392,2022-06-16 23:43:16,top up
1120,327,33424,2022-06-17 00:53:52,top up
163,46,33662,2022-06-17 05:30:17,top up
638,185,39055,2022-06-17 23:36:26,top up
1991,566,44947,2022-06-18 21:44:34,top up
609,176,-5485,2022-06-20 06:25:18,withdraw
2057,587,8241,2022-06-20 21:58:00,top up
1343,388,25461,2022-06-20 22:59:59,top up
984,284,39302,2022-06-21 07:13:52,top up
546,154,46406,2022-06-21 08:20:21,top up
1105,322,23826,2022-06-21 13:12:56,top up
1274,370,23401,2022-06-22 05:01:42,top up
1360,393,26590,2022-06-22 10:33:44,top up
1708,487,-1441,2022-06-23 01:52:47,withdraw
87,25,-8019,2022-06-23 10:54:25,withdraw
21,6,17082,2022-06-23 17:45:07,top up
1364,394,48408,2022-06-24 05:49:41,top up
1600,457,11649,2022-06-25 16:14:08,top up
2102,599,26897,2022-06-26 02:49:10,top up
1992,566,-9764,2022-06-28 02:01:46,withdraw
620,180,-18058,2022-06-28 03:16:30,withdraw
130,36,47251,2022-06-28 05:55:30,top up
810,233,48321,2022-06-28 10:02:44,top up
1669,477,-20837,2022-06-28 15:02:52,withdraw
1532,440,33325,2022-06-30 04:18:14,top up
333,95,45491,2022-06-30 18:37:53,top up
482,137,-19469,2022-07-01 08:58:38,withdraw
459,131,-22570,2022-07-01 10:02:54,withdraw
48,13,-13615,2022-07-04 03:39:44,withdraw
183,52,2094,2022-07-04 08:53:23,top up
794,229,-8668,2022-07-05 07:12:09,withdraw
710,204,41966,2022-07-05 15:47:29,top up
606,175,-4319,2022-07-05 16:32:27,withdraw
592,171,4036,2022-07-06 08:19:52,top up
694,200,32901,2022-07-06 10:23:28,top up
1607,460,-18867,2022-07-07 01:54:52,withdraw
1638,468,27467,2022-07-07 02:11:18,top up
721,207,48224,2022-07-07 07:46:29,top up
1844,526,36451,2022-07-07 22:13:23,top up
1031,298,1894,2022-07-08 00:54:15,top up
1278,371,7716,2022-07-08 04:55:55,top up
1435,414,13204,2022-07-08 16:14:58,top up
1080,313,-15886,2022-07-09 11:44:03,withdraw
33,9,25144,2022-07-09 20:38:03,top up
2002,570,-4585,2022-07-10 15:17:35,withdraw
1427,411,-11787,2022-07-12 16:08:25,withdraw
1288,373,32995,2022-07-12 16:15:03,top up
1830,523,1017,2022-07-12 18:35:07,top up
1076,312,10547,2022-07-12 19:12:36,top up
819,235,19122,2022-07-13 00:14:10,top up
678,196,3173,2022-07-13 00:18:08,top up
1481,426,8147,2022-07-13 11:13:22,top up
1922,547,1058,2022-07-13 12:29:11,top up
2024,577,-6722,2022-07-13 13:19:18,withdraw
1106,322,41302,2022-07-15 05:13:10,top up
1833,524,-1292,2022-07-16 18:39:41,withdraw
519,147,-11867,2022-07-17 04:33:15,withdraw
847,244,-2749,2022-07-18 19:11:07,withdraw
220,64,33757,2022-07-19 00:10:01,top up
991,286,33951,2022-07-19 01:28:49,top up
875,252,34454,2022-07-19 04:50:55,top up
1931,549,22479,2022-07-20 10:50:49,top up
1858,531,-27722,2022-07-22 10:41:14,withdraw
380,108,8893,2022-07-22 11:14:45,top up
2070,590,6167,2022-07-22 19:52:12,top up
975,282,37178,2022-07-23 02:55:24,top up
1328,384,33554,2022-07-24 00:11:05,top up
1146,334,25990,2022-07-24 01:53:54,top up
1575,451,31471,2022-07-25 09:09:26,top up
1995,567,1235,2022-07-25 12:10:52,top up
13,4,18826,2022-07-25 18:38:57,top up
256,75,2756,2022-07-26 00:11:55,top up
563,161,-27033,2022-07-26 03:32:36,withdraw
787,227,-4090,2022-07-26 07:43:18,withdraw
1557,447,-5529,2022-07-27 14:37:34,withdraw
1533,440,-28362,2022-07-29 13:33:16,withdraw
1651,471,34718,2022-07-29 19:23:38,top up
460,131,31535,2022-07-30 07:16:16,top up
158,44,37326,2022-07-30 07:58:50,top up
1663,475,-11959,2022-07-30 13:48:42,withdraw
607,175,5322,2022-07-31 16:14:09,top up
881,254,-1305,2022-08-01 06:43:26,withdraw
310,89,13271,2022-08-02 23:01:41,top up
1967,557,19713,2022-08-04 17:28:17,top up
1089,317,-10973,2022-08-05 11:47:14,withdraw
1266,368,44379,2022-08-05 19:17:18,top up
1961,556,38533,2022-08-05 19:48:06,top up
505,143,-18185,2022-08-06 04:31:45,withdraw
1068,309,10911,2022-08-07 12:41:40,top up
1056,306,43883,2022-08-08 00:17:13,top up
1081,313,34597,2022-08-08 09:37:57,top up
569,163,30513,2022-08-08 20:56:09,top up
1847,527,24995,2022-08-11 10:17:05,top up
757,218,4475,2022-08-11 14:28:44,top up
1028,297,47544,2022-08-14 00:21:38,top up
351,100,-7410,2022-08-15 02:28:51,withdraw
948,275,21755,2022-08-15 03:39:52,top up
1299,377,44673,2022-08-15 10:23:03,top up
1269,369,24689,2022-08-16 14:17:25,top up
368,104,11143,2022-08-16 16:18:58,top up
1721,490,33835,2022-08-17 08:07:31,top up
1418,409,3986,2022-08-17 08:45:40,top up
1477,425,39183,2022-08-17 13:50:37,top up
1006,291,18557,2022-08-17 14:22:56,top up
2083,594,-29498,2022-08-17 16:31:14,withdraw
2066,589,32303,2022-08-17 20:28:34,top up
150,42,-25865,2022-08-18 01:50:18,withdraw
140,39,37939,2022-08-18 15:02:21,top up
292,84,10527,2022-08-18 16:31:23,top up
1043,301,13866,2022-08-19 02:52:49,top up
767,221,29725,2022-08-19 10:04:36,top up
1419,409,9636,2022-08-20 02:35:12,top up
1936,550,27996,2022-08-21 19:05:20,top up
1771,504,46301,2022-08-22 07:58:19,top up
448,128,-21974,2022-08-22 17:01:41,withdraw
315,90,-25894,2022-08-22 17:16:06,withdraw
1057,306,-26939,2022-08-22 17:55:58,withdraw
200,57,39145,2022-08-23 15:08:34,top up
334,95,-1771,2022-08-23 17:00:46,withdraw
2067,589,10608,2022-08-24 23:30:29,top up
562,160,-7627,2022-08-25 04:41:11,withdraw
1290,374,-9077,2022-08-25 09:36:55,withdraw
363,103,-11051,2022-08-25 18:23:09,withdraw
1318,382,27164,2022-08-26 00:13:59,top up
371,105,-13835,2022-08-27 03:49:34,withdraw
1140,332,9836,2022-08-27 05:03:13,top up
575,165,7833,2022-08-27 21:50:55,top up
1733,494,-14388,2022-08-28 23:24:17,withdraw
1032,298,-1862,2022-08-29 08:18:54,withdraw
488,138,29016,2022-08-31 17:58:04,top up
968,280,31104,2022-09-01 11:25:51,top up
771,222,24044,2022-09-02 05:37:59,top up
783,226,43060,2022-09-02 10:20:31,top up
1518,437,7713,2022-09-04 03:09:41,top up
748,216,36214,2022-09-04 10:41:13,top up
221,64,-1629,2022-09-04 11:51:43,withdraw
512,145,10287,2022-09-04 12:28:51,top up
882,254,9609,2022-09-05 02:42:25,top up
1937,550,-4763,2022-09-05 07:43:07,withdraw
471,134,23107,2022-09-05 12:29:33,top up
1460,421,35839,2022-09-06 22:10:15,top up
1159,339,15537,2022-09-07 12:48:40,top up
615,178,42555,2022-09-08 04:11:56,top up
179,51,48107,2022-09-08 04:41:17,top up
1016,294,24054,2022-09-08 08:35:34,top up
1021,295,5252,2022-09-08 09:53:46,top up
1644,469,14719,2022-09-09 20:52:28,top up
1763,501,38018,2022-09-09 22:16:14,top up
1918,546,-19224,2022-09-10 07:29:07,withdraw
903,259,-6760,2022-09-11 10:59:58,withdraw
1845,526,28405,2022-09-11 14:03:57,top up
316,90,-4801,2022-09-11 22:59:02,withdraw
1631,466,10618,2022-09-12 05:33:10,top up
657,191,42477,2022-09-12 18:09:52,top up
685,198,20396,2022-09-12 19:16:27,top up
857,247,2616,2022-09-12 22:33:58,top up
1306,379,47836,2022-09-13 08:56:18,top up
1171,342,-6593,2022-09-14 16:13:37,withdraw
2092,596,-8912,2022-09-15 00:07:36,withdraw
1293,375,-18892,2022-09-15 19:36:38,withdraw
1409,406,39206,2022-09-16 23:42:19,top up
1903,542,45905,2022-09-17 06:00:05,top up
778,224,21200,2022-09-17 08:23:49,top up
167,47,-12745,2022-09-17 09:11:52,withdraw
2034,580,-26384,2022-09-17 12:21:11,withdraw
2035,580,13807,2022-09-18 05:38:47,top up
815,234,32790,2022-09-18 15:16:07,top up
1393,402,20368,2022-09-18 19:28:24,top up
1012,292,18807,2022-09-19 14:18:33,top up
1739,495,25235,2022-09-19 20:28:44,top up
2015,574,25536,2022-09-19 20:41:10,top up
381,108,10633,2022-09-19 22:16:53,top up
104,29,22694,2022-09-19 23:12:33,top up
1247,363,21340,2022-09-21 15:02:52,top up
725,208,35523,2022-09-21 18:35:38,top up
807,232,-19165,2022-09-23 10:10:06,withdraw
1355,392,4720,2022-09-24 18:45:32,top up
1545,444,18244,2022-09-24 23:30:30,top up
270,79,19805,2022-09-25 09:02:16,top up
1197,350,15436,2022-09-26 00:54:31,top up
679,196,12229,2022-09-26 04:39:39,top up
303,87,1321,2022-09-26 23:18:11,top up
1071,310,34142,2022-09-27 04:45:43,top up
2053,586,44109,2022-09-27 20:14:32,top up
189,54,-24592,2022-09-28 06:23:54,withdraw
1534,440,-13277,2022-09-28 13:25:59,withdraw
1017,294,35116,2022-09-28 21:04:48,top up
522,148,-12761,2022-09-29 12:19:28,withdraw
1850,528,44040,2022-09-29 19:49:32,top up
1582,453,-10776,2022-09-29 19:58:27,withdraw
404,115,24990,2022-09-29 20:09:03,top up
79,22,41984,2022-09-29 22:37:37,top up
1090,317,19223,2022-09-30 11:09:09,top up
552,156,37823,2022-09-30 23:29:57,top up
1989,565,-12004,2022-10-01 14:27:25,withdraw
1420,409,-10747,2022-10-01 16:33:22,withdraw
2037,581,7416,2022-10-01 22:06:47,top up
1007,291,20504,2022-10-02 13:32:10,top up
630,182,42168,2022-10-02 16:41:38,top up
1977,560,47568,2022-10-03 01:13:54,top up
1515,436,38237,2022-10-03 08:19:00,top up
1499,432,22235,2022-10-03 16:43:48,top up
649,188,33177,2022-10-04 04:06:20,top up
1182,346,10704,2022-10-04 23:32:02,top up
1657,473,-7049,2022-10-05 17:55:33,withdraw
23,7,-20239,2022-10-05 21:52:53,withdraw
98,28,49907,2022-10-06 00:19:04,top up
2032,579,-8873,2022-10-07 19:30:24,withdraw
250,73,14626,2022-10-07 22:18:12,top up
204,58,29506,2022-10-08 11:57:34,top up
1823,521,20704,2022-10-09 13:12:01,top up
1361,393,-28985,2022-10-09 13:26:25,withdraw
781,225,31503,2022-10-10 00:42:55,top up
1626,465,-3692,2022-10-10 21:33:27,withdraw
1356,392,-7648,2022-10-11 00:01:15,withdraw
1587,454,-25443,2022-10-11 04:12:53,withdraw
1398,403,-19146,2022-10-12 06:15:03,withdraw
621,180,-22004,2022-10-12 22:37:01,withdraw
549,155,42452,2022-10-13 03:02:01,top up
1969,558,15140,2022-10-13 13:01:54,top up
112,31,22942,2022-10-13 13:27:27,top up
1033,298,-26296,2022-10-13 14:43:58,withdraw
82,23,-1213,2022-10-13 15:18:36,withdraw
909,261,6112,2022-10-14 02:11:26,top up
2096,597,-21369,2022-10-14 05:01:51,withdraw
1940,551,21966,2022-10-15 20:14:18,top up
1957,555,13869,2022-10-15 22:47:43,top up
703,203,-19808,2022-10-16 11:17:23,withdraw
175,50,31373,2022-10-17 01:45:50,top up
1717,489,22223,2022-10-17 07:15:59,top up
799,230,5912,2022-10-17 16:30:39,top up
1172,343,31463,2022-10-18 10:23:08,top up
1050,304,31768,2022-10-19 17:00:46,top up
842,243,-28543,2022-10-19 20:14:15,withdraw
639,185,36001,2022-10-21 13:11:12,top up
1798,513,13573,2022-10-21 15:30:52,top up
1978,560,-9334,2022-10-21 20:29:32,withdraw
472,134,-18914,2022-10-22 02:12:14,withdraw
1091,317,6453,2022-10-23 01:28:08,top up
1294,375,40090,2022-10-23 20:40:35,top up
1603,458,32285,2022-10-24 02:35:17,top up
631,182,-4020,2022-10-25 05:17:50,withdraw
661,192,22434,2022-10-25 08:29:12,top up
1998,568,24383,2022-10-25 09:42:01,top up
453,130,24146,2022-10-25 20:56:58,top up
1597,456,37086,2022-10-26 01:24:09,top up
1524,438,14758,2022-10-26 08:06:31,top up
1795,512,1436,2022-10-27 10:19:18,top up
1674,479,30951,2022-10-27 23:21:39,top up
668,194,-9826,2022-10-28 06:40:14,withdraw
1046,302,9923,2022-10-28 18:03:01,top up
92,26,45504,2022-10-29 09:16:31,top up
1944,552,46365,2022-10-29 12:35:29,top up
386,110,8646,2022-10-29 20:31:55,top up
1583,453,6097,2022-10-30 02:54:20,top up
176,50,3969,2022-10-31 03:20:24,top up
669,194,17581,2022-10-31 10:03:58,top up
559,159,27544,2022-10-31 12:54:06,top up
1693,484,40475,2022-11-01 10:44:14,top up
604,174,-19692,2022-11-03 23:37:07,withdraw
443,127,-10926,2022-11-04 02:47:26,withdraw
1441,415,-22784,2022-11-04 16:16:54,withdraw
273,80,6736,2022-11-05 01:04:15,top up
75,21,37897,2022-11-05 08:29:59,top up
979,283,-10110,2022-11-05 22:23:59,withdraw
1730,493,28605,2022-11-05 23:10:50,top up
52,14,7604,2022-11-06 02:03:07,top up
1250,364,-5234,2022-11-07 03:37:48,withdraw
1445,416,44404,2022-11-07 04:04:46,top up
1,1,-28308,2022-11-07 14:09:58,withdraw
626,181,-23881,2022-11-07 16:07:57,withdraw
879,253,38420,2022-11-08 01:58:19,top up
1407,405,-29069,2022-11-08 11:07:14,withdraw
239,70,13938,2022-11-08 11:17:47,top up
37,10,43213,2022-11-09 00:12:12,top up
62,17,2522,2022-11-09 09:26:44,top up
1941,551,49286,2022-11-09 13:16:27,top up
1890,540,39271,2022-11-10 03:07:31,top up
507,144,27493,2022-11-10 06:09:50,top up
759,219,-3502,2022-11-11 16:55:22,withdraw
328,93,48738,2022-11-12 06:12:47,top up
1962,556,37390,2022-11-12 15:53:51,top up
704,203,28097,2022-11-13 04:56:45,top up
311,89,-22374,2022-11-13 16:40:25,withdraw
1014,293,29457,2022-11-13 20:03:14,top up
1778,506,-26644,2022-11-13 20:03:15,withdraw
1158,338,7727,2022-11-14 06:39:26,top up
195,56,39599,2022-11-14 21:11:27,top up
1639,468,6909,2022-11-15 03:28:49,top up
493,139,-21038,2022-11-15 15:41:37,withdraw
105,29,6487,2022-11-15 21:18:51,top up
454,130,-13158,2022-11-16 03:09:41,withdraw
969,280,-3749,2022-11-16 07:48:23,withdraw
1259,366,28108,2022-11-16 17:33:49,top up
317,90,20272,2022-11-16 19:55:07,top up
409,117,3808,2022-11-17 01:34:20,top up
356,101,37203,2022-11-18 09:25:36,top up
752,217,38252,2022-11-19 04:41:08,top up
1999,568,41753,2022-11-19 17:33:45,top up
22,6,24779,2022-11-19 23:19:00,top up
2025,577,24500,2022-11-21 02:42:34,top up
2041,582,17310,2022-11-21 09:45:57,top up
1329,384,31669,2022-11-21 19:59:52,top up
408,116,-20901,2022-11-22 10:28:49,withdraw
976,282,46563,2022-11-23 09:06:39,top up
1570,450,47231,2022-11-23 17:46:52,top up
1228,358,33775,2022-11-24 04:09:04,top up
753,217,-4995,2022-11-24 06:33:35,withdraw
2003,570,12981,2022-11-24 16:20:02,top up
1724,491,35183,2022-11-25 00:50:04,top up
1313,381,18634,2022-11-25 08:01:23,top up
673,195,36569,2022-11-25 16:46:12,top up
433,124,28256,2022-11-25 18:27:40,top up
1610,461,39533,2022-11-26 11:43:15,top up
378,107,1423,2022-11-27 07:06:20,top up
1279,371,25427,2022-11-27 16:03:17,top up
479,136,47935,2022-11-27 17:32:25,top up
1468,423,46895,2022-11-28 16:53:25,top up
1981,561,35558,2022-11-29 04:22:34,top up
2054,586,16547,2022-11-29 21:55:53,top up
1193,349,33202,2022-11-30 02:27:01,top up
611,177,37173,2022-11-30 03:57:19,top up
1503,433,2766,2022-12-01 04:59:35,top up
1136,331,-11210,2022-12-01 09:35:00,withdraw
444,127,15701,2022-12-02 02:11:21,top up
728,209,19354,2022-12-03 18:32:32,top up
1399,403,19146,2022-12-03 21:57:17,top up
907,260,30899,2022-12-04 11:01:01,top up
384,109,37968,2022-12-04 19:37:57,top up
1100,320,-12105,2022-12-05 01:21:38,withdraw
1180,345,34913,2022-12-05 19:53:31,top up
207,60,-1795,2022-12-05 23:06:58,withdraw
1919,546,-22416,2022-12-06 01:11:45,withdraw
1920,546,25764,2022-12-07 02:52:40,top up
53,14,-7604,2022-12-07 05:37:06,withdraw
869,251,-7811,2022-12-08 17:28:55,withdraw
585,169,33149,2022-12-08 20:44:28,top up
1825,522,44618,2022-12-09 21:32:56,top up
1879,537,32761,2022-12-10 09:47:45,top up
682,197,30441,2022-12-11 14:03:27,top up
428,122,45786,2022-12-11 22:33:02,top up
1690,483,-5614,2022-12-12 11:52:04,withdraw
2068,589,-20374,2022-12-12 13:09:53,withdraw
1111,324,-1764,2022-12-13 11:27:40,withdraw
1809,517,23242,2022-12-13 12:51:31,top up
695,200,23820,2022-12-13 16:22:35,top up
542,153,-9146,2022-12-14 00:56:17,withdraw
2077,592,29001,2022-12-14 01:38:33,top up
1816,519,43050,2022-12-14 04:40:39,top up
1872,535,8297,2022-12-14 09:42:16,top up
1619,463,-1139,2022-12-15 03:19:59,withdraw
674,195,35117,2022-12-15 12:56:46,top up
180,51,-8977,2022-12-15 22:15:26,withdraw
513,145,3276,2022-12-16 00:17:02,top up
791,228,22444,2022-12-16 13:30:09,top up
1831,523,-21163,2022-12-17 22:24:01,withdraw
499,141,19570,2022-12-18 10:10:34,top up
494,139,47253,2022-12-18 19:54:50,top up
754,217,-10926,2022-12-18 23:28:09,withdraw
1519,437,4094,2022-12-19 00:06:14,top up
1309,380,-13648,2022-12-19 23:11:07,withdraw
205,59,-5819,2022-12-21 02:10:08,withdraw
1449,417,40213,2022-12-21 03:36:49,top up
1116,325,-8860,2022-12-21 07:28:25,withdraw
42,11,-10450,2022-12-22 04:40:43,withdraw
795,229,13617,2022-12-22 06:08:24,top up
912,262,-27321,2022-12-22 07:57:15,withdraw
1173,343,-6212,2022-12-22 12:46:53,withdraw
1782,508,-9077,2022-12-22 20:11:49,withdraw
653,190,8940,2022-12-22 21:30:27,top up
930,268,9003,2022-12-23 02:25:50,top up
1677,480,-9909,2022-12-23 08:25:47,withdraw
1623,464,17837,2022-12-23 21:01:27,top up
1371,396,-4186,2022-12-24 10:59:44,withdraw
886,255,31131,2022-12-24 18:48:02,top up
1712,488,-29751,2022-12-25 07:14:15,withdraw
816,234,4390,2022-12-25 12:04:19,top up
1044,301,44375,2022-12-25 20:51:39,top up
473,134,39265,2022-12-26 13:25:28,top up
937,271,-17646,2022-12-26 23:30:08,withdraw
1463,422,47121,2022-12-27 08:40:35,top up
382,108,5093,2022-12-27 09:32:47,top up
1546,444,16220,2022-12-28 14:14:59,top up
851,245,41925,2022-12-29 12:51:49,top up
2071,590,18366,2022-12-29 21:28:39,top up
1767,502,41579,2022-12-30 07:07:08,top up
66,18,-8505,2022-12-31 05:21:34,withdraw
1357,392,14968,2022-12-31 18:20:09,top up
1237,360,18345,2023-01-02 10:02:05,top up
6,2,28815,2023-01-02 12:48:28,top up
959,278,8495,2023-01-03 10:47:40,top up
732,210,-4815,2023-01-03 11:55:26,withdraw
645,187,26673,2023-01-04 03:31:30,top up
1758,500,-4023,2023-01-04 09:11:27,withdraw
931,268,4799,2023-01-05 23:47:00,top up
96,27,29692,2023-01-06 11:16:58,top up
2000,569,32690,2023-01-07 04:02:13,top up
1213,355,27870,2023-01-07 09:25:40,top up
385,109,42211,2023-01-07 15:20:08,top up
1390,401,34137,2023-01-07 22:34:15,top up
823,236,9120,2023-01-08 01:18:15,top up
461,131,14058,2023-01-08 11:49:10,top up
1478,425,-11512,2023-01-08 16:47:08,withdraw
1187,347,25853,2023-01-09 01:51:45,top up
784,226,-1047,2023-01-09 08:42:33,withdraw
1718,489,28304,2023-01-09 13:06:26,top up
1508,434,27060,2023-01-10 04:55:59,top up
788,227,4930,2023-01-10 18:48:02,top up
1848,527,23435,2023-01-12 02:50:29,top up
532,150,17566,2023-01-12 03:47:18,top up
1307,379,28781,2023-01-13 19:57:59,top up
196,56,19940,2023-01-14 06:40:53,top up
803,231,46318,2023-01-14 08:31:36,top up
261,77,28168,2023-01-14 14:08:53,top up
164,46,-4365,2023-01-14 21:07:56,withdraw
106,29,34245,2023-01-15 00:57:55,top up
2001,569,23069,2023-01-15 05:29:38,top up
523,148,33413,2023-01-15 14:14:55,top up
1949,553,5901,2023-01-15 17:35:01,top up
2084,594,-5652,2023-01-15 21:03:21,withdraw
1713,488,4477,2023-01-16 03:05:50,top up
244,71,45411,2023-01-16 05:20:51,top up
240,70,36279,2023-01-16 08:01:52,top up
1164,340,29637,2023-01-16 08:37:04,top up
1504,433,3559,2023-01-17 08:29:54,top up
1764,501,48699,2023-01-17 22:13:05,top up
113,31,7395,2023-01-19 17:03:53,top up
1749,497,-9604,2023-01-20 19:18:19,withdraw
500,141,10216,2023-01-21 17:11:59,top up
1796,512,-2527,2023-01-22 00:27:56,withdraw
279,81,13106,2023-01-23 15:08:09,top up
1372,396,4186,2023-01-25 04:26:12,top up
306,88,41826,2023-01-25 11:03:31,top up
1678,480,22093,2023-01-25 20:10:09,top up
829,238,-19437,2023-01-26 23:16:58,withdraw
1611,461,29231,2023-01-27 00:18:55,top up
1671,478,-22148,2023-01-27 15:36:13,withdraw
1592,455,13584,2023-01-27 23:44:27,top up
1061,307,-1075,2023-01-28 20:01:26,withdraw
1087,316,-13770,2023-01-29 03:22:08,withdraw
1702,486,-12702,2023-01-31 01:50:13,withdraw
44,12,11971,2023-02-01 17:23:17,top up
1640,468,34741,2023-02-02 22:40:21,top up
1851,528,-24074,2023-02-03 04:22:02,withdraw
887,255,2596,2023-02-03 22:06:41,top up
745,215,48203,2023-02-04 03:24:28,top up
14,4,11849,2023-02-04 08:16:05,top up
359,102,4691,2023-02-04 11:45:03,top up
1658,473,-18543,2023-02-04 20:10:35,withdraw
262,77,-19133,2023-02-05 00:33:03,withdraw
1927,548,48534,2023-02-05 17:41:19,top up
1875,536,40928,2023-02-05 20:13:07,top up
1803,515,-734,2023-02-06 11:11:25,withdraw
1429,412,17798,2023-02-06 23:01:43,top up
789,227,21842,2023-02-07 02:57:58,top up
699,201,23421,2023-02-08 02:17:29,top up
1174,343,26140,2023-02-09 08:58:21,top up
1461,421,7157,2023-02-10 00:10:52,top up
1564,449,34576,2023-02-10 03:44:06,top up
1942,551,-25005,2023-02-10 13:44:16,withdraw
1886,539,5127,2023-02-11 07:08:36,top up
326,92,-3618,2023-02-11 12:25:58,withdraw
587,170,48596,2023-02-11 20:37:59,top up
1147,334,43451,2023-02-12 00:00:20,top up
1332,385,20760,2023-02-12 03:26:37,top up
133,37,49019,2023-02-12 10:44:52,top up
396,113,6396,2023-02-13 16:41:42,top up
1112,324,-19260,2023-02-14 09:46:34,withdraw
1876,536,9313,2023-02-14 15:50:13,top up
235,69,34175,2023-02-15 07:31:17,top up
1254,365,28293,2023-02-16 02:52:51,top up
956,277,27382,2023-02-16 13:26:01,top up
1792,511,12726,2023-02-17 07:23:01,top up
837,241,-16498,2023-02-17 16:59:18,withdraw
785,226,26344,2023-02-17 23:13:34,top up
1207,353,9794,2023-02-18 05:30:22,top up
1598,456,9073,2023-02-18 10:48:49,top up
2016,574,-10916,2023-02-18 13:53:54,withdraw
1075,311,19853,2023-02-18 17:53:19,top up
1985,563,44572,2023-02-18 19:12:06,top up
617,179,12422,2023-02-18 19:47:57,top up
1604,458,25463,2023-02-19 17:43:35,top up
1101,320,12105,2023-02-19 21:01:59,top up
54,14,-5949,2023-02-20 10:11:02,withdraw
1750,497,9604,2023-02-20 19:59:53,top up
1627,465,-18190,2023-02-21 01:04:54,withdraw
1183,346,22230,2023-02-21 14:18:20,top up
1282,372,18659,2023-02-21 14:52:18,top up
24,7,19057,2023-02-21 15:24:58,top up
436,125,17953,2023-02-21 18:53:06,top up
1302,378,5127,2023-02-21 23:11:37,top up
618,179,35010,2023-02-22 14:27:12,top up
1759,500,2329,2023-02-22 23:20:22,top up
1659,473,31846,2023-02-23 13:17:47,top up
1593,455,37792,2023-02-24 16:42:22,top up
1452,418,7922,2023-02-25 05:37:21,top up
690,199,9733,2023-02-25 06:46:13,top up
210,61,5418,2023-02-25 06:56:14,top up
307,88,27671,2023-02-25 09:07:07,top up
572,164,46724,2023-02-25 17:23:24,top up
181,51,43503,2023-02-25 20:25:32,top up
870,251,38335,2023-02-26 01:58:08,top up
2017,574,44360,2023-02-26 10:53:12,top up
280,81,-17365,2023-02-26 21:01:29,withdraw
1734,494,43426,2023-02-27 21:51:53,top up
800,230,19463,2023-02-28 16:07:12,top up
696,200,10037,2023-03-01 01:54:00,top up
1472,424,11635,2023-03-01 03:52:08,top up
1870,534,24136,2023-03-01 14:02:23,top up
16,5,-13044,2023-03-01 17:29:50,withdraw
413,118,11729,2023-03-01 19:27:34,top up
464,132,36656,2023-03-02 00:58:47,top up
582,167,9905,2023-03-04 03:40:54,top up
1594,455,-18083,2023-03-04 20:14:21,withdraw
1660,473,7049,2023-03-05 04:47:18,top up
1500,432,26572,2023-03-06 12:28:59,top up
1709,487,-29665,2023-03-06 16:45:16,withdraw
389,111,45333,2023-03-07 11:29:27,top up
145,41,24657,2023-03-08 06:05:36,top up
1853,529,-12712,2023-03-09 03:01:57,withdraw
811,233,20429,2023-03-09 21:29:23,top up
1319,382,-9656,2023-03-10 16:22:38,withdraw
2097,597,19890,2023-03-11 09:08:07,top up
215,62,12584,2023-03-11 09:09:34,top up
904,259,40376,2023-03-11 22:31:03,top up
1203,352,40958,2023-03-12 04:26:08,top up
1224,357,-26273,2023-03-12 18:37:38,withdraw
636,184,46936,2023-03-13 04:28:32,top up
208,60,28912,2023-03-13 21:45:46,top up
1062,307,-20172,2023-03-14 16:15:39,withdraw
414,118,-14184,2023-03-15 02:54:54,withdraw
2061,588,39493,2023-03-15 04:15:32,top up
835,240,49767,2023-03-15 11:26:24,top up
1655,472,42439,2023-03-16 05:12:04,top up
477,135,32657,2023-03-16 17:04:29,top up
933,269,-912,2023-03-17 05:31:37,withdraw
737,212,9045,2023-03-17 13:19:37,top up
2051,585,23168,2023-03-17 22:52:28,top up
288,83,45736,2023-03-18 04:25:08,top up
1588,454,36296,2023-03-18 11:28:40,top up
1990,565,45449,2023-03-19 19:54:04,top up
848,244,42230,2023-03-19 21:17:03,top up
612,177,5154,2023-03-20 02:58:56,top up
646,187,25269,2023-03-20 06:47:35,top up
455,130,19738,2023-03-20 15:13:05,top up
478,135,-12036,2023-03-20 15:57:31,withdraw
970,280,-9766,2023-03-21 17:31:57,withdraw
1280,371,10738,2023-03-21 18:28:28,top up
622,180,15660,2023-03-22 10:33:20,top up
1719,489,-1358,2023-03-22 17:26:53,withdraw
1950,553,31273,2023-03-23 17:37:20,top up
296,85,46529,2023-03-24 01:44:36,top up
2072,590,-6167,2023-03-24 05:14:53,withdraw
360,102,-22259,2023-03-24 08:40:01,withdraw
2004,570,-15621,2023-03-25 19:17:46,withdraw
1675,479,24526,2023-03-26 06:09:28,top up
804,231,38412,2023-03-26 11:42:22,top up
577,166,35432,2023-03-26 15:02:23,top up
97,27,-2875,2023-03-26 16:35:26,withdraw
584,168,21084,2023-03-27 06:48:49,top up
1275,370,-12761,2023-03-28 21:30:37,withdraw
1932,549,5512,2023-03-30 09:09:11,top up
1576,451,11588,2023-03-30 11:50:58,top up
7,2,8622,2023-03-30 23:02:49,top up
1983,562,23920,2023-03-31 07:00:51,top up
263,77,44777,2023-03-31 10:01:40,top up
1255,365,-5241,2023-03-31 10:49:12,withdraw
564,161,-21494,2023-03-31 15:27:35,withdraw
1047,303,15091,2023-04-01 13:38:13,top up
855,246,38337,2023-04-01 23:24:20,top up
2074,591,28379,2023-04-01 23:28:59,top up
1175,343,40142,2023-04-02 10:57:15,top up
177,50,13930,2023-04-02 18:07:16,top up
623,180,37989,2023-04-02 23:40:20,top up
352,100,-10984,2023-04-04 01:36:22,withdraw
369,104,45639,2023-04-04 22:43:16,top up
474,134,-10059,2023-04-05 13:33:21,withdraw
480,136,-20729,2023-04-05 15:33:44,withdraw
824,236,42479,2023-04-05 18:31:53,top up
219,63,23272,2023-04-05 22:24:08,top up
28,8,45252,2023-04-07 00:30:31,top up
1432,413,26664,2023-04-07 05:45:56,top up
118,33,-6981,2023-04-07 11:09:21,withdraw
1691,483,22831,2023-04-08 11:43:48,top up
1714,488,35200,2023-04-09 02:17:34,top up
497,140,45201,2023-04-09 07:48:27,top up
722,207,33117,2023-04-09 12:14:02,top up
1632,466,-1555,2023-04-10 00:30:33,withdraw
1859,531,43656,2023-04-10 03:37:14,top up
534,151,25467,2023-04-10 14:49:36,top up
1334,386,26515,2023-04-11 21:07:59,top up
1113,324,42683,2023-04-12 04:31:50,top up
2036,580,44093,2023-04-12 15:34:35,top up
876,252,14413,2023-04-12 18:19:59,top up
852,245,44644,2023-04-13 06:14:26,top up
1204,352,13328,2023-04-13 17:03:41,top up
2062,588,1072,2023-04-13 18:49:58,top up
1558,447,31712,2023-04-14 05:50:16,top up
1938,550,-3668,2023-04-14 23:16:48,withdraw
1077,312,22137,2023-04-15 00:15:15,top up
1694,484,-4640,2023-04-15 01:29:14,withdraw
1945,552,6772,2023-04-16 13:11:54,top up
1810,517,43063,2023-04-16 13:20:50,top up
1559,447,15530,2023-04-17 14:09:03,top up
557,158,36674,2023-04-17 15:18:54,top up
2009,572,41418,2023-04-17 20:30:53,top up
1276,370,-6170,2023-04-18 20:29:32,withdraw
34,9,-5894,2023-04-19 11:26:36,withdraw
1891,540,-17956,2023-04-19 13:47:31,withdraw
1459,420,41892,2023-04-19 21:18:44,top up
627,181,-2929,2023-04-20 01:22:48,withdraw
481,136,41826,2023-04-20 11:05:54,top up
114,31,-26539,2023-04-21 04:32:11,withdraw
1896,541,27991,2023-04-21 11:15:46,top up
1408,405,7972,2023-04-24 21:06:52,top up
274,80,31431,2023-04-25 13:28:53,top up
247,72,22524,2023-04-25 14:57:52,top up
953,276,-19628,2023-04-25 21:53:25,withdraw
1493,430,15620,2023-04-27 03:58:45,top up
1233,359,2771,2023-04-27 11:49:59,top up
1003,290,49117,2023-04-27 16:49:27,top up
1379,398,9560,2023-04-28 01:48:19,top up
1970,558,-17245,2023-04-28 03:19:10,withdraw
776,223,22888,2023-04-28 17:13:22,top up
1375,397,-6060,2023-04-28 18:22:43,withdraw
393,112,15998,2023-04-28 18:50:38,top up
1351,390,-19821,2023-04-28 20:16:31,withdraw
425,121,10245,2023-04-28 23:56:44,top up
1505,433,-11368,2023-05-01 10:56:36,withdraw
1892,540,34692,2023-05-01 12:31:31,top up
483,137,40108,2023-05-01 13:37:15,top up
1509,434,47709,2023-05-02 13:37:31,top up
1464,422,-4938,2023-05-03 17:22:22,withdraw
191,55,44427,2023-05-04 21:02:58,top up
93,26,-11331,2023-05-05 10:10:18,withdraw
675,195,21171,2023-05-05 11:09:05,top up
683,197,10174,2023-05-05 20:06:37,top up
1314,381,25480,2023-05-07 02:40:16,top up
588,170,-17890,2023-05-07 22:21:54,withdraw
665,193,31209,2023-05-08 00:10:39,top up
1697,485,16057,2023-05-10 04:41:51,top up
252,74,-15706,2023-05-11 04:31:25,withdraw
1103,321,21869,2023-05-11 08:23:59,top up
151,42,-4547,2023-05-12 09:06:30,withdraw
960,278,-10667,2023-05-12 10:36:49,withdraw
1812,518,11515,2023-05-13 01:40:39,top up
1952,554,33061,2023-05-13 07:22:05,top up
1442,415,14586,2023-05-13 18:00:40,top up
1267,368,11017,2023-05-14 06:03:17,top up
1137,331,18918,2023-05-16 00:39:43,top up
49,13,-16762,2023-05-16 09:29:22,withdraw
1362,393,37930,2023-05-16 21:31:26,top up
312,89,38740,2023-05-17 00:42:13,top up
300,86,-2117,2023-05-17 10:09:00,withdraw
1933,549,44665,2023-05-17 10:22:53,top up
475,134,5866,2023-05-17 10:48:23,top up
281,81,24532,2023-05-17 15:57:18,top up
1722,490,-3358,2023-05-17 19:22:55,withdraw
1506,433,48715,2023-05-19 05:23:42,top up
1541,443,4054,2023-05-19 06:21:29,top up
1165,340,44284,2023-05-19 11:59:42,top up
2087,595,-5702,2023-05-19 21:58:23,withdraw
1958,555,10414,2023-05-20 15:28:05,top up
1365,394,46373,2023-05-21 03:44:54,top up
1974,559,31125,2023-05-21 06:57:04,top up
1455,419,33969,2023-05-21 10:58:28,top up
768,221,-25808,2023-05-21 13:22:00,withdraw
1953,554,-25552,2023-05-21 15:46:15,withdraw
1595,455,44068,2023-05-22 00:58:14,top up
1082,313,-7148,2023-05-22 05:00:36,withdraw
772,222,34589,2023-05-22 13:51:34,top up
70,19,5127,2023-05-22 18:47:31,top up
1094,318,18638,2023-05-23 07:46:58,top up
2098,597,37387,2023-05-23 18:19:57,top up
1641,468,36429,2023-05-23 21:08:15,top up
108,30,42087,2023-05-23 22:30:03,top up
2078,592,42957,2023-05-24 12:47:58,top up
525,149,3402,2023-05-25 05:02:47,top up
1256,365,16092,2023-05-25 07:47:49,top up
1036,299,-2973,2023-05-26 14:06:03,withdraw
1411,407,-2554,2023-05-26 15:33:07,withdraw
1424,410,31017,2023-05-26 16:10:49,top up
265,78,15151,2023-05-26 21:26:17,top up
348,99,25278,2023-05-27 12:35:04,top up
1072,310,7267,2023-05-27 14:40:59,top up
1666,476,34992,2023-05-28 12:47:55,top up
99,28,46616,2023-05-28 18:57:55,top up
1260,366,37399,2023-05-28 22:49:14,top up
63,17,46970,2023-05-29 04:16:45,top up
1667,476,33225,2023-05-29 22:38:19,top up
716,206,6826,2023-05-29 22:52:30,top up
1679,480,-15938,2023-05-30 01:54:54,withdraw
1210,354,-16407,2023-05-30 02:52:13,withdraw
910,261,37899,2023-05-31 06:06:57,top up
1620,463,40685,2023-05-31 13:12:47,top up
526,149,40551,2023-06-01 17:41:44,top up
1341,387,23487,2023-06-01 17:50:45,top up
429,122,-18753,2023-06-02 16:49:10,withdraw
1257,365,5805,2023-06-03 01:56:06,top up
1838,525,47145,2023-06-04 00:12:36,top up
25,7,-1202,2023-06-05 07:50:50,withdraw
357,101,18735,2023-06-05 19:19:24,top up
1928,548,-7296,2023-06-07 03:34:20,withdraw
1971,558,17245,2023-06-07 07:58:17,top up
1219,356,49902,2023-06-07 13:20:39,top up
55,14,5949,2023-06-07 19:02:10,top up
1258,365,14680,2023-06-08 17:28:51,top up
1488,429,36035,2023-06-08 21:59:41,top up
1310,380,34401,2023-06-13 18:42:58,top up
201,57,-4048,2023-06-13 21:54:10,withdraw
1682,481,1705,2023-06-14 00:13:22,top up
1052,305,32180,2023-06-14 23:30:34,top up
1248,363,-20168,2023-06-15 05:17:12,withdraw
808,232,42096,2023-06-15 06:14:44,top up
1308,379,-29590,2023-06-15 18:03:23,withdraw
1002,289,-12655,2023-06-15 19:41:27,withdraw
827,237,48098,2023-06-16 04:12:59,top up
56,15,-9418,2023-06-16 19:04:34,withdraw
1190,348,-12285,2023-06-16 19:05:52,withdraw
986,285,-6158,2023-06-17 20:47:10,withdraw
60,16,30221,2023-06-19 13:02:16,top up
705,203,12050,2023-06-20 01:07:58,top up
344,98,24708,2023-06-20 05:46:25,top up
890,256,48668,2023-06-20 06:12:51,top up
891,256,-7411,2023-06-20 09:34:39,withdraw
431,123,22859,2023-06-20 12:41:33,top up
1373,396,10309,2023-06-22 13:03:16,top up
1121,327,-25896,2023-06-22 13:13:22,withdraw
440,126,28615,2023-06-23 04:06:51,top up
1177,344,6474,2023-06-23 20:35:41,top up
1743,496,43814,2023-06-24 03:32:54,top up
871,251,1766,2023-06-24 15:03:05,top up
1987,564,-15188,2023-06-24 16:37:31,withdraw
746,215,43319,2023-06-25 11:02:29,top up
1029,297,49746,2023-06-25 15:59:47,top up
1229,358,1896,2023-06-25 23:08:13,top up
1698,485,40845,2023-06-26 07:15:46,top up
1695,484,18298,2023-06-27 04:44:15,top up
313,89,35996,2023-06-27 13:25:45,top up
1856,530,43647,2023-06-27 17:41:54,top up
1793,511,-7193,2023-06-28 07:29:47,withdraw
1092,317,-14703,2023-06-28 20:31:07,withdraw
1988,564,42471,2023-06-28 21:20:05,top up
1642,468,30104,2023-06-29 04:03:09,top up
2085,594,33283,2023-06-29 12:29:23,top up
449,128,15216,2023-06-29 22:12:16,top up
840,242,23672,2023-06-29 22:35:40,top up
1363,393,41673,2023-06-30 09:17:06,top up
934,269,26073,2023-06-30 10:44:39,top up
738,212,-9045,2023-07-03 12:36:38,withdraw
877,252,49332,2023-07-03 13:22:13,top up
1421,409,-2875,2023-07-03 19:20:13,withdraw
329,93,35604,2023-07-04 08:53:53,top up
999,288,19775,2023-07-04 14:28:23,top up
922,265,-28258,2023-07-04 17:28:26,withdraw
830,238,2816,2023-07-05 12:29:05,top up
1813,518,37801,2023-07-05 22:27:20,top up
567,162,4578,2023-07-06 07:38:28,top up
390,111,44989,2023-07-06 15:13:10,top up
184,52,-8830,2023-07-06 16:52:50,withdraw
437,125,25477,2023-07-06 19:06:31,top up
1220,356,5921,2023-07-07 08:31:09,top up
1645,469,38593,2023-07-07 09:52:53,top up
131,36,48783,2023-07-07 22:28:29,top up
1811,517,-21488,2023-07-08 16:29:11,withdraw
1946,552,7750,2023-07-08 18:23:29,top up
691,199,31558,2023-07-08 18:35:36,top up
849,244,2749,2023-07-09 13:53:52,top up
1656,472,21574,2023-07-09 17:45:19,top up
1979,560,9334,2023-07-09 20:51:46,top up
1270,369,-10579,2023-07-10 04:53:08,withdraw
553,156,10636,2023-07-10 15:28:14,top up
641,186,27251,2023-07-10 16:04:38,top up
1788,510,39283,2023-07-12 17:59:12,top up
1108,323,-1149,2023-07-13 04:14:43,withdraw
773,222,-10340,2023-07-13 07:07:08,withdraw
1527,439,28588,2023-07-13 20:12:50,top up
684,197,15948,2023-07-14 12:15:24,top up
1465,422,14733,2023-07-15 01:09:12,top up
1037,299,13618,2023-07-15 10:14:08,top up
1128,329,49236,2023-07-15 15:35:37,top up
1234,359,10322,2023-07-15 18:06:52,top up
1249,363,-4408,2023-07-16 00:49:49,withdraw
1601,457,37114,2023-07-16 09:16:31,top up
1565,449,-26878,2023-07-16 13:53:57,withdraw
568,162,-4578,2023-07-16 23:17:44,withdraw
769,221,-731,2023-07-17 06:34:02,withdraw
192,55,-13606,2023-07-17 09:31:33,withdraw
364,103,29434,2023-07-19 09:02:03,top up
1621,463,27833,2023-07-19 11:51:55,top up
2058,587,25016,2023-07-19 12:11:59,top up
327,92,5438,2023-07-20 16:38:11,top up
1760,500,-11087,2023-07-20 18:52:01,withdraw
987,285,4912,2023-07-21 11:27:08,top up
735,211,47700,2023-07-21 21:01:03,top up
820,235,-10704,2023-07-22 02:43:36,withdraw
1887,539,-15528,2023-07-22 07:01:55,withdraw
1839,525,24431,2023-07-22 11:24:53,top up
628,181,8826,2023-07-23 04:04:37,top up
547,154,6279,2023-07-24 06:28:09,top up
1241,362,-5557,2023-07-26 11:18:23,withdraw
467,133,8380,2023-07-26 14:50:47,top up
1358,392,33501,2023-07-26 23:31:52,top up
1235,359,13951,2023-07-27 01:00:35,top up
1271,369,19606,2023-07-30 00:43:51,top up
828,237,40808,2023-07-31 06:19:09,top up
1083,314,40263,2023-07-31 06:52:30,top up
253,74,36366,2023-07-31 08:13:21,top up
1008,291,-8775,2023-07-31 12:17:53,withdraw
1277,370,-21291,2023-07-31 12:32:20,withdraw
1549,445,31686,2023-07-31 20:09:57,top up
456,130,-26844,2023-08-01 14:15:34,withdraw
2045,583,16969,2023-08-01 17:31:16,top up
589,170,25513,2023-08-01 19:20:42,top up
134,37,37620,2023-08-01 19:48:30,top up
1041,300,15584,2023-08-04 06:06:35,top up
1160,339,30886,2023-08-05 11:45:48,top up
2052,585,-27122,2023-08-05 11:51:48,withdraw
1469,423,27541,2023-08-05 12:42:52,top up
594,172,2627,2023-08-05 15:55:38,top up
1335,386,-21973,2023-08-06 04:43:50,withdraw
1986,563,11289,2023-08-06 10:56:09,top up
1873,535,18791,2023-08-06 15:39:01,top up
264,77,-1294,2023-08-07 14:23:13,withdraw
1069,309,28728,2023-08-07 18:32:39,top up
1501,432,-27694,2023-08-09 06:43:57,withdraw
2028,578,-14299,2023-08-09 17:33:37,withdraw
1205,352,36139,2023-08-10 04:47:23,top up
1661,474,-13393,2023-08-11 09:00:40,withdraw
468,133,44015,2023-08-11 16:18:13,top up
1238,360,-1690,2023-08-11 16:29:44,withdraw
271,79,37508,2023-08-12 13:48:19,top up
666,193,-26511,2023-08-15 01:21:43,withdraw
1923,547,7444,2023-08-15 14:49:10,top up
1715,488,20557,2023-08-16 11:46:17,top up
335,95,11428,2023-08-16 19:37:20,top up
538,152,29765,2023-08-17 06:05:07,top up
1744,496,43888,2023-08-17 18:58:23,top up
539,152,41126,2023-08-17 19:26:30,top up
1703,486,-5330,2023-08-18 03:06:19,withdraw
755,217,47859,2023-08-18 18:28:08,top up
115,32,39098,2023-08-19 05:47:02,top up
1414,408,47640,2023-08-19 18:27:34,top up
796,229,-6643,2023-08-20 10:16:37,withdraw
595,172,6719,2023-08-20 18:01:01,top up
1320,382,-16951,2023-08-21 20:02:37,withdraw
647,187,6639,2023-08-22 13:24:29,top up
926,266,11441,2023-08-22 15:42:00,top up
241,70,-18410,2023-08-22 18:37:12,withdraw
573,164,43663,2023-08-23 01:30:33,top up
136,38,-20263,2023-08-23 05:24:12,withdraw
61,16,-8651,2023-08-23 14:29:48,withdraw
514,145,17614,2023-08-24 12:38:38,top up
1367,395,-18309,2023-08-24 18:27:09,withdraw
1433,413,5783,2023-08-25 12:30:37,top up
1425,410,27606,2023-08-27 08:57:19,top up
1806,516,39156,2023-08-28 05:29:54,top up
1124,328,34034,2023-08-28 10:39:37,top up
332,94,23797,2023-08-29 07:26:17,top up
1980,560,4267,2023-08-29 07:30:53,top up
1794,511,5751,2023-08-29 18:15:35,top up
80,22,49045,2023-08-31 09:31:35,top up
1093,317,34344,2023-08-31 15:34:42,top up
50,13,45197,2023-08-31 16:58:24,top up
535,151,-3516,2023-08-31 19:33:27,withdraw
1374,396,-10309,2023-09-01 00:04:39,withdraw
308,88,22520,2023-09-04 04:29:44,top up
1959,555,-5992,2023-09-04 20:08:31,withdraw
1934,549,2078,2023-09-06 04:35:35,top up
1272,369,27897,2023-09-06 05:06:03,top up
1566,449,40923,2023-09-07 13:59:57,top up
747,215,21816,2023-09-08 07:19:42,top up
560,159,-23998,2023-09-08 10:11:46,withdraw
1073,310,-1031,2023-09-09 08:18:22,withdraw
908,260,8391,2023-09-09 20:52:53,top up
613,177,10678,2023-09-10 08:30:12,top up
1633,466,38100,2023-09-10 19:32:28,top up
1394,402,-6541,2023-09-11 08:20:06,withdraw
883,254,39269,2023-09-12 03:47:25,top up
867,250,-3590,2023-09-12 06:54:29,withdraw
387,110,11626,2023-09-12 07:30:56,top up
156,43,13299,2023-09-12 09:16:02,top up
236,69,21894,2023-09-13 08:52:32,top up
2088,595,-2293,2023-09-14 11:59:48,withdraw
1578,452,21683,2023-09-14 15:31:21,top up
1951,553,49393,2023-09-15 18:30:06,top up
1993,566,-1250,2023-09-16 13:34:48,withdraw
841,242,36480,2023-09-16 21:56:35,top up
297,85,-7971,2023-09-17 01:38:50,withdraw
651,189,24709,2023-09-18 01:12:22,top up
275,80,-6736,2023-09-18 14:37:38,withdraw
209,60,38295,2023-09-19 03:59:25,top up
135,37,22765,2023-09-20 17:06:49,top up
1596,455,34471,2023-09-21 17:11:15,top up
501,142,46726,2023-09-21 19:47:46,top up
170,48,21141,2023-09-22 02:30:09,top up
1636,467,-2313,2023-09-22 09:43:53,withdraw
1058,306,34293,2023-09-23 08:59:37,top up
878,252,1999,2023-09-23 12:59:46,top up
1745,496,38288,2023-09-23 19:14:38,top up
739,213,-18105,2023-09-24 17:23:33,withdraw
1063,307,41605,2023-09-25 03:05:13,top up
1200,351,16050,2023-09-25 14:02:52,top up
779,224,49824,2023-09-25 20:57:19,top up
1834,524,48554,2023-09-26 15:39:18,top up
1954,554,45109,2023-09-27 18:57:16,top up
1577,451,30972,2023-09-28 02:11:59,top up
391,111,38273,2023-09-29 05:48:15,top up
1955,554,-22430,2023-09-29 07:39:46,withdraw
610,176,49658,2023-09-30 02:30:29,top up
1662,474,31160,2023-10-01 02:06:54,top up
469,133,-4990,2023-10-01 20:39:19,withdraw
1311,380,28690,2023-10-02 01:17:24,top up
1347,389,47517,2023-10-02 22:43:00,top up
923,265,44527,2023-10-03 11:08:58,top up
1303,378,30013,2023-10-04 06:30:38,top up
495,139,27432,2023-10-04 16:43:12,top up
843,243,35936,2023-10-04 22:44:22,top up
1909,544,26767,2023-10-05 17:23:09,top up
379,107,21975,2023-10-05 23:09:44,top up
1053,305,22100,2023-10-06 06:02:28,top up
988,285,17947,2023-10-06 09:41:50,top up
1840,525,13294,2023-10-08 00:50:05,top up
17,5,-9674,2023-10-10 18:28:03,withdraw
394,112,16323,2023-10-10 20:45:04,top up
2093,596,30040,2023-10-11 05:32:49,top up
1668,476,45936,2023-10-11 06:58:37,top up
888,255,3656,2023-10-13 10:35:02,top up
1883,538,37780,2023-10-14 00:18:10,top up
1684,482,48167,2023-10-14 03:09:18,top up
1422,409,15522,2023-10-15 04:26:50,top up
1897,541,18899,2023-10-15 16:50:06,top up
361,102,26558,2023-10-18 05:09:03,top up
1779,507,-7429,2023-10-19 18:36:04,withdraw
1846,526,-22436,2023-10-19 21:30:27,withdraw
1352,390,-2270,2023-10-20 15:05:21,withdraw
862,249,46144,2023-10-21 05:49:58,top up
421,120,45171,2023-10-21 09:25:39,top up
1054,305,21434,2023-10-22 09:52:20,top up
919,264,24603,2023-10-23 05:18:13,top up
792,228,36501,2023-10-23 09:28:18,top up
1230,358,30081,2023-10-24 13:18:57,top up
1542,443,-14500,2023-10-24 23:08:16,withdraw
899,258,-20972,2023-10-25 16:27:41,withdraw
654,190,-16857,2023-10-25 22:41:30,withdraw
2075,591,-28649,2023-10-26 20:27:31,withdraw
1225,357,6691,2023-10-26 22:41:01,top up
1740,495,29003,2023-10-26 23:25:52,top up
18,5,25433,2023-10-27 06:07:48,top up
1415,408,-3724,2023-10-27 20:23:35,withdraw
900,258,39875,2023-10-28 20:35:46,top up
565,161,23701,2023-10-29 13:57:53,top up
1114,324,-19072,2023-10-29 19:52:17,withdraw
57,15,40746,2023-10-30 10:57:45,top up
1151,335,6753,2023-10-30 11:18:18,top up
1004,290,11463,2023-10-30 14:33:20,top up
859,248,5077,2023-10-30 15:22:38,top up
1929,548,13636,2023-10-31 13:22:56,top up
543,153,47827,2023-11-01 06:59:01,top up
797,229,36641,2023-11-01 07:19:47,top up
744,214,21081,2023-11-03 00:10:43,top up
1281,371,-13276,2023-11-03 23:32:32,withdraw
1051,304,14867,2023-11-04 06:56:17,top up
336,95,-11689,2023-11-05 00:45:54,withdraw
1754,499,42924,2023-11-05 03:47:33,top up
1874,535,22854,2023-11-07 09:44:11,top up
254,74,-14937,2023-11-07 15:04:37,withdraw
372,105,24234,2023-11-08 04:37:26,top up
945,273,35542,2023-11-09 03:15:25,top up
1720,489,8419,2023-11-09 03:45:15,top up
128,35,46837,2023-11-09 05:15:04,top up
1291,374,-9467,2023-11-10 16:30:21,withdraw
2106,600,42049,2023-11-11 23:52:00,top up
502,142,-16054,2023-11-12 01:10:14,withdraw
1143,333,30999,2023-11-12 16:56:37,top up
714,205,-9308,2023-11-13 05:38:18,withdraw
1543,443,-15402,2023-11-14 16:39:52,withdraw
938,271,28029,2023-11-15 07:09:01,top up
1862,532,24372,2023-11-15 11:01:01,top up
913,262,27848,2023-11-15 17:05:09,top up
574,164,36003,2023-11-17 02:17:16,top up
1584,453,-4036,2023-11-17 07:35:09,withdraw
831,238,23489,2023-11-17 13:21:42,top up
1905,543,-21661,2023-11-19 13:37:00,withdraw
64,17,-10027,2023-11-19 17:14:05,withdraw
38,10,-8046,2023-11-20 17:29:32,withdraw
1560,447,5529,2023-11-21 15:43:55,top up
1567,449,3462,2023-11-21 17:40:01,top up
1496,431,6107,2023-11-21 20:48:39,top up
544,153,26610,2023-11-22 06:42:23,top up
266,78,-17503,2023-11-22 09:38:29,withdraw
2046,583,24826,2023-11-22 17:56:06,top up
662,192,-3905,2023-11-22 21:24:33,withdraw
1242,362,-5376,2023-11-24 03:13:37,withdraw
197,56,17384,2023-11-25 04:04:17,top up
1685,482,-12148,2023-11-25 10:04:28,withdraw
1552,446,18945,2023-11-26 18:43:10,top up
422,120,-19143,2023-11-26 22:31:04,withdraw
540,152,39597,2023-11-27 01:27:11,top up
774,222,40644,2023-11-28 12:49:50,top up
790,227,-3955,2023-11-29 18:44:58,withdraw
1283,372,20500,2023-11-30 10:40:36,top up
353,100,7987,2023-12-01 01:52:53,top up
1913,545,-10995,2023-12-01 04:39:20,withdraw
242,70,30658,2023-12-01 11:16:56,top up
706,203,22576,2023-12-02 09:20:14,top up
410,117,49044,2023-12-02 15:07:40,top up
632,182,32328,2023-12-03 00:09:35,top up
470,133,28300,2023-12-03 07:36:08,top up
2069,589,21453,2023-12-03 20:13:25,top up
1589,454,25389,2023-12-05 01:23:58,top up
1723,490,-2912,2023-12-05 16:17:12,withdraw
717,206,-22742,2023-12-05 23:39:26,withdraw
1470,423,4129,2023-12-06 10:14:27,top up
650,188,30465,2023-12-06 21:01:50,top up
924,265,12085,2023-12-06 23:35:04,top up
1289,373,2206,2023-12-07 05:41:17,top up
168,47,-2763,2023-12-07 11:39:19,withdraw
405,115,-4961,2023-12-09 05:23:40,withdraw
1786,509,45321,2023-12-09 15:44:05,top up
1696,484,45705,2023-12-10 17:01:05,top up
692,199,37389,2023-12-10 19:26:26,top up
844,243,14341,2023-12-11 01:07:08,top up
1924,547,-1058,2023-12-11 07:07:24,withdraw
122,34,20697,2023-12-11 16:41:31,top up
1473,424,25316,2023-12-11 20:29:56,top up
76,21,32437,2023-12-12 11:31:03,top up
1148,334,-6278,2023-12-13 12:49:37,withdraw
2059,587,46018,2023-12-13 13:14:57,top up
45,12,12683,2023-12-13 23:59:51,top up
251,73,-12584,2023-12-14 02:18:49,withdraw
1450,417,5549,2023-12-15 11:58:04,top up
992,286,12429,2023-12-15 21:42:50,top up
1403,404,33470,2023-12-15 22:42:40,top up
658,191,46338,2023-12-16 03:41:32,top up
782,225,-2751,2023-12-16 06:20:56,withdraw
1814,518,-19252,2023-12-16 06:31:09,withdraw
1772,504,30745,2023-12-16 22:30:07,top up
1914,545,35322,2023-12-16 22:45:13,top up
858,247,24971,2023-12-17 19:08:36,top up
723,207,2910,2023-12-18 11:21:46,top up
211,61,-6740,2023-12-18 18:55:41,withdraw
884,254,38776,2023-12-18 22:34:07,top up
1188,347,36819,2023-12-19 03:37:28,top up
1921,546,12300,2023-12-19 16:03:12,top up
484,137,9606,2023-12-21 01:54:05,top up
88,25,33935,2023-12-21 15:09:32,top up
2005,570,16388,2023-12-23 15:50:18,top up
2042,582,-8889,2023-12-23 19:21:54,withdraw
652,189,31543,2023-12-23 23:39:31,top up
129,35,19455,2023-12-25 04:17:53,top up
1034,298,27551,2023-12-25 16:07:36,top up
1528,439,-4851,2023-12-25 18:28:11,withdraw
524,148,-29377,2023-12-26 01:32:46,withdraw
1206,352,18321,2023-12-26 05:29:42,top up
445,127,29907,2023-12-28 10:33:25,top up
395,112,-16323,2023-12-28 11:28:02,withdraw
301,86,35342,2023-12-29 08:48:51,top up
1769,503,12832,2023-12-29 22:39:50,top up
1821,520,29170,2023-12-30 06:04:33,top up
1022,295,-9719,2023-12-30 12:21:05,withdraw
1975,559,27099,2023-12-30 12:48:42,top up
1647,470,20897,2023-12-31 06:32:20,top up
1118,326,2313,2024-01-01 06:57:53,top up
1628,465,34129,2024-01-01 12:43:16,top up
659,191,-17706,2024-01-01 21:06:54,withdraw
1884,538,-11483,2024-01-02 03:36:33,withdraw
655,190,28660,2024-01-02 04:09:11,top up
67,18,32550,2024-01-03 00:19:04,top up
598,173,12680,2024-01-04 04:59:35,top up
1579,452,49909,2024-01-04 08:06:19,top up
137,38,34694,2024-01-05 16:47:52,top up
77,21,-26774,2024-01-06 06:23:15,withdraw
365,103,11051,2024-01-06 10:51:45,top up
2010,572,-11804,2024-01-06 15:51:45,withdraw
2060,587,25485,2024-01-07 03:05:10,top up
1366,394,7100,2024-01-07 12:27:02,top up
1535,440,35064,2024-01-07 22:28:34,top up
1860,531,8751,2024-01-08 09:11:50,top up
146,41,31687,2024-01-08 10:47:24,top up
1263,367,12005,2024-01-08 11:33:01,top up
185,52,43770,2024-01-08 13:00:27,top up
1178,344,21595,2024-01-10 07:10:30,top up
516,146,-3018,2024-01-10 10:43:11,withdraw
362,102,47411,2024-01-13 12:15:36,top up
996,287,31053,2024-01-13 13:07:03,top up
1474,424,39529,2024-01-13 15:49:50,top up
71,19,42547,2024-01-14 11:16:25,top up
1304,378,13322,2024-01-14 20:14:56,top up
35,9,-12750,2024-01-15 03:38:29,withdraw
1516,436,18467,2024-01-15 13:42:22,top up
1646,469,18344,2024-01-16 12:34:33,top up
801,230,42229,2024-01-17 01:45:53,top up
173,49,14894,2024-01-17 10:32:22,top up
1009,291,7602,2024-01-17 14:51:54,top up
289,83,8895,2024-01-17 22:58:38,top up
400,114,30138,2024-01-19 02:53:54,top up
1035,298,26264,2024-01-19 09:42:20,top up
1380,398,34707,2024-01-19 11:41:38,top up
1181,345,47017,2024-01-19 18:09:55,top up
1179,344,-3826,2024-01-20 10:50:18,withdraw
1226,357,44690,2024-01-21 06:54:40,top up
39,10,12876,2024-01-21 06:58:50,top up
1065,308,30671,2024-01-22 00:58:26,top up
1585,453,35666,2024-01-23 05:19:24,top up
152,42,2163,2024-01-23 09:04:56,top up
718,206,40758,2024-01-24 06:29:59,top up
1168,341,46856,2024-01-24 09:52:54,top up
1835,524,-4301,2024-01-25 05:05:26,withdraw
147,41,-11582,2024-01-25 06:36:55,withdraw
1780,507,28378,2024-01-25 11:47:51,top up
1376,397,11803,2024-01-25 21:01:58,top up
284,82,-11710,2024-01-26 01:50:17,withdraw
1446,416,-926,2024-01-26 04:16:39,withdraw
1416,408,3985,2024-01-26 08:43:52,top up
322,91,13765,2024-01-28 13:53:56,top up
872,251,29247,2024-01-28 20:46:25,top up
1236,359,43858,2024-01-29 09:32:46,top up
1943,551,-5638,2024-01-29 23:23:54,withdraw
2076,591,2795,2024-01-30 17:33:23,top up
1774,505,4257,2024-01-31 04:40:19,top up
1436,414,39873,2024-01-31 21:58:07,top up
1348,389,8025,2024-02-01 05:51:46,top up
1832,523,8531,2024-02-01 11:12:55,top up
1562,448,37205,2024-02-02 15:13:35,top up
451,129,-2918,2024-02-02 20:00:25,withdraw
1634,466,44171,2024-02-03 05:55:39,top up
624,180,-13587,2024-02-03 13:45:17,withdraw
817,234,16699,2024-02-04 07:43:15,top up
1144,333,12856,2024-02-04 10:14:13,top up
711,204,44895,2024-02-04 10:44:51,top up
2063,588,19497,2024-02-04 15:27:53,top up
1550,445,39512,2024-02-04 21:11:14,top up
198,56,-26536,2024-02-05 05:43:53,withdraw
993,286,-11438,2024-02-06 22:02:11,withdraw
116,32,-9755,2024-02-07 15:46:26,withdraw
1381,398,2113,2024-02-07 19:48:59,top up
1437,414,-15498,2024-02-08 02:47:41,withdraw
980,283,33949,2024-02-08 08:46:19,top up
845,243,45188,2024-02-08 09:27:26,top up
1996,567,5823,2024-02-10 03:22:36,top up
1383,399,45539,2024-02-10 19:33:28,top up
58,15,28982,2024-02-11 07:47:43,top up
541,152,12677,2024-02-12 14:40:33,top up
616,178,12897,2024-02-12 14:41:42,top up
570,163,-6176,2024-02-13 04:02:50,withdraw
1098,319,-19923,2024-02-14 02:11:41,withdraw
846,243,14429,2024-02-15 10:45:24,top up
1854,529,10090,2024-02-15 21:20:01,top up
1525,438,-14758,2024-02-16 01:47:06,withdraw
729,209,39369,2024-02-17 01:47:23,top up
1960,555,-4422,2024-02-17 16:17:40,withdraw
26,7,35427,2024-02-17 16:59:42,top up
965,279,41009,2024-02-17 19:25:11,top up
1324,383,27199,2024-02-19 05:56:22,top up
2007,571,-16436,2024-02-19 06:57:27,withdraw
1526,438,7782,2024-02-19 07:23:16,top up
554,157,41570,2024-02-20 04:16:11,top up
2033,579,4727,2024-02-21 11:23:54,top up
1580,452,-11669,2024-02-21 11:24:34,withdraw
1336,386,11155,2024-02-22 00:06:46,top up
290,83,34500,2024-02-24 04:35:58,top up
927,266,15431,2024-02-24 13:38:40,top up
1652,471,13852,2024-02-24 14:54:37,top up
1417,408,14456,2024-02-25 15:36:56,top up
1296,376,13130,2024-02-26 01:36:57,top up
1510,434,41228,2024-02-26 17:16:31,top up
1117,325,48507,2024-02-27 12:39:40,top up
2012,573,23062,2024-02-28 02:50:13,top up
258,76,-5124,2024-02-28 08:08:42,withdraw
527,149,-4722,2024-02-28 11:18:35,withdraw
89,25,5701,2024-02-29 19:56:06,top up
1826,522,-8025,2024-03-02 16:07:07,withdraw
1755,499,33124,2024-03-04 16:31:59,top up
707,203,41346,2024-03-04 20:52:04,top up
749,216,34765,2024-03-05 04:00:52,top up
805,231,35446,2024-03-06 02:11:02,top up
1799,513,4818,2024-03-06 13:39:00,top up
1184,346,41118,2024-03-06 18:00:04,top up
1261,366,32142,2024-03-07 12:19:04,top up
243,70,4374,2024-03-08 00:16:20,top up
1251,364,48053,2024-03-08 01:07:02,top up
1804,515,30414,2024-03-08 02:46:19,top up
178,50,-16698,2024-03-09 06:15:46,withdraw
889,255,25524,2024-03-09 09:46:33,top up
764,220,10274,2024-03-10 02:07:53,top up
1078,312,-8500,2024-03-10 18:30:23,withdraw
65,17,13201,2024-03-11 16:22:42,top up
1385,400,42524,2024-03-12 02:07:27,top up
949,275,13684,2024-03-12 08:12:02,top up
438,125,-2016,2024-03-12 16:59:51,withdraw
1624,464,49493,2024-03-13 06:28:00,top up
1395,402,46001,2024-03-13 11:03:59,top up
633,182,-7141,2024-03-13 13:29:39,withdraw
1353,391,25025,2024-03-14 11:57:41,top up
994,286,14053,2024-03-16 17:01:26,top up
1456,419,-8412,2024-03-16 18:41:01,withdraw
599,173,37342,2024-03-17 00:19:10,top up
1761,500,11087,2024-03-17 01:22:46,top up
985,284,29382,2024-03-17 23:47:03,top up
1368,395,34072,2024-03-18 09:40:53,top up
966,279,42009,2024-03-18 09:41:25,top up
1728,492,41569,2024-03-18 12:24:31,top up
1386,400,-5244,2024-03-19 00:29:16,withdraw
686,198,-22840,2024-03-19 07:19:37,withdraw
850,244,-19919,2024-03-19 11:48:14,withdraw
1132,330,12886,2024-03-19 20:22:10,top up
1963,556,1692,2024-03-19 21:54:36,top up
1088,316,34245,2024-03-21 17:39:08,top up
1109,323,16998,2024-03-21 20:08:46,top up
411,117,7841,2024-03-21 23:48:58,top up
2,1,-10472,2024-03-22 00:50:38,withdraw
1553,446,20679,2024-03-22 12:13:59,top up
1731,493,-10660,2024-03-22 15:13:28,withdraw
1775,505,-5381,2024-03-23 04:31:28,withdraw
212,61,-24952,2024-03-23 12:33:40,withdraw
1337,386,9746,2024-03-23 23:15:58,top up
426,121,28027,2024-03-24 04:09:34,top up
2048,584,-4702,2024-03-24 09:15:49,withdraw
314,89,9056,2024-03-25 12:48:39,top up
366,103,26947,2024-03-25 20:53:04,top up
1863,532,36644,2024-03-25 23:51:36,top up
1756,499,35538,2024-03-27 16:28:10,top up
415,118,-5006,2024-03-27 19:42:51,withdraw
123,34,-20697,2024-03-28 06:26:29,withdraw
1910,544,-13596,2024-03-28 11:59:15,withdraw
1625,464,-10775,2024-03-28 12:47:40,withdraw
1486,428,2127,2024-03-28 12:57:01,top up
224,65,-13463,2024-03-29 03:20:15,withdraw
860,248,10836,2024-03-29 07:44:12,top up
916,263,29573,2024-03-30 02:24:19,top up
1315,381,5068,2024-03-30 03:21:44,top up
905,259,-4352,2024-03-30 23:02:36,withdraw
86,24,4259,2024-03-30 23:44:19,top up
1613,462,18467,2024-03-31 19:06:15,top up
1208,353,39174,2024-04-01 03:35:26,top up
416,118,30027,2024-04-01 07:24:37,top up
1868,533,47870,2024-04-02 19:52:43,top up
880,253,40775,2024-04-03 06:00:19,top up
259,76,5124,2024-04-03 11:33:45,top up
660,191,11156,2024-04-03 22:48:45,top up
1153,336,-1198,2024-04-05 00:53:06,withdraw
1487,428,-2127,2024-04-06 21:56:42,withdraw
2029,578,23617,2024-04-07 14:03:28,top up
222,64,3867,2024-04-07 18:14:40,top up
700,202,23393,2024-04-08 03:40:10,top up
1551,445,39260,2024-04-09 02:15:46,top up
1451,417,-5549,2024-04-09 03:45:57,withdraw
441,126,48647,2024-04-09 07:01:55,top up
642,186,-2768,2024-04-09 10:54:39,withdraw
1284,372,5081,2024-04-10 02:22:38,top up
496,139,23479,2024-04-11 19:25:46,top up
323,91,-518,2024-04-11 22:08:30,withdraw
485,137,-5409,2024-04-13 15:09:19,withdraw
1059,306,2419,2024-04-13 16:26:29,top up
863,249,-17924,2024-04-14 02:15:36,withdraw
1018,294,38702,2024-04-14 08:30:59,top up
780,224,15215,2024-04-14 10:46:48,top up
566,161,37550,2024-04-14 21:33:48,top up
74,20,11770,2024-04-15 03:08:14,top up
159,44,48114,2024-04-15 07:33:47,top up
1817,519,22959,2024-04-15 15:59:01,top up
1494,430,7114,2024-04-16 07:18:33,top up
1807,516,15317,2024-04-16 09:51:45,top up
1511,434,-3133,2024-04-16 10:02:19,withdraw
1321,382,43342,2024-04-16 13:15:57,top up
1030,297,-15581,2024-04-16 14:17:27,withdraw
1606,459,-28662,2024-04-17 13:05:24,withdraw
770,221,47733,2024-04-18 00:18:58,top up
291,83,-18232,2024-04-18 00:51:43,withdraw
2021,576,13536,2024-04-18 04:36:44,top up
760,219,19552,2024-04-18 12:28:53,top up
578,166,32690,2024-04-18 23:42:44,top up
188,53,41187,2024-04-19 03:01:06,top up
276,80,26495,2024-04-19 07:24:49,top up
1387,400,-23542,2024-04-20 00:31:07,withdraw
193,55,-29237,2024-04-20 17:47:37,withdraw
596,172,48204,2024-04-20 22:47:16,top up
401,114,37448,2024-04-21 13:16:15,top up
1161,339,-20739,2024-04-21 14:01:55,withdraw
1024,296,1609,2024-04-22 06:06:21,top up
434,124,-24263,2024-04-23 02:55:38,withdraw
939,271,40709,2024-04-23 23:53:40,top up
1805,515,29386,2024-04-24 04:24:28,top up
1947,552,16798,2024-04-25 12:24:42,top up
1252,364,31920,2024-04-25 22:55:05,top up
83,23,14803,2024-04-26 03:10:02,top up
225,65,36751,2024-04-27 01:05:54,top up
1554,446,-6484,2024-04-27 13:28:23,withdraw
1563,448,-12306,2024-04-27 14:18:24,withdraw
995,286,-22682,2024-04-28 10:33:06,withdraw
2082,593,-7753,2024-04-28 15:10:55,withdraw
1725,491,32266,2024-04-29 18:55:18,top up
1185,346,47445,2024-04-29 21:43:24,top up
1338,386,-20901,2024-04-30 11:14:21,withdraw
1344,388,7254,2024-04-30 11:26:56,top up
1676,479,-8377,2024-04-30 16:47:58,withdraw
2038,581,34118,2024-04-30 23:50:59,top up
349,99,36330,2024-05-01 04:57:22,top up
298,85,30883,2024-05-01 16:18:30,top up
1102,320,9466,2024-05-02 03:27:16,top up
1489,429,45887,2024-05-03 03:43:09,top up
1085,315,26893,2024-05-03 15:12:10,top up
1166,340,3556,2024-05-04 11:41:05,top up
503,142,4097,2024-05-04 13:43:24,top up
51,13,-10435,2024-05-04 16:45:35,withdraw
1138,331,4744,2024-05-04 23:45:50,top up
1824,521,2761,2024-05-06 08:45:13,top up
1149,334,49598,2024-05-06 10:40:34,top up
342,97,6560,2024-05-06 12:11:35,top up
2073,590,39572,2024-05-06 18:03:01,top up
1653,471,18182,2024-05-06 23:32:14,top up
1815,518,27457,2024-05-07 09:57:27,top up
740,213,-7130,2024-05-07 11:04:49,withdraw
528,149,9590,2024-05-07 16:04:29,top up
896,257,29514,2024-05-08 01:30:36,top up
226,65,34065,2024-05-09 01:58:44,top up
141,39,4568,2024-05-09 03:16:17,top up
229,66,17543,2024-05-09 15:29:18,top up
928,267,-3482,2024-05-10 01:06:00,withdraw
1637,467,15639,2024-05-10 06:26:22,top up
1221,356,2367,2024-05-10 08:48:50,top up
1614,462,41229,2024-05-10 13:28:23,top up
1855,529,2926,2024-05-11 00:48:08,top up
1898,541,4568,2024-05-12 00:20:51,top up
989,285,4217,2024-05-13 00:46:08,top up
1066,308,30207,2024-05-13 06:56:46,top up
971,280,-13188,2024-05-13 08:28:41,withdraw
285,82,11710,2024-05-14 07:01:06,top up
897,257,38210,2024-05-14 20:28:42,top up
1060,306,33204,2024-05-15 08:15:18,top up
1345,388,22312,2024-05-15 08:51:55,top up
432,123,42320,2024-05-15 12:25:38,top up
892,256,40359,2024-05-15 16:19:37,top up
1129,329,19399,2024-05-15 19:53:23,top up
465,132,35536,2024-05-16 00:36:19,top up
1726,491,-29977,2024-05-16 10:32:00,withdraw
2043,582,32617,2024-05-18 15:44:42,top up
1354,391,-13207,2024-05-18 16:37:12,withdraw
231,67,26268,2024-05-18 18:53:37,top up
1471,423,8319,2024-05-19 10:58:38,top up
818,234,28676,2024-05-19 17:45:28,top up
1396,402,6541,2024-05-20 05:16:04,top up
1648,470,12523,2024-05-20 15:09:51,top up
670,194,20075,2024-05-21 16:13:30,top up
802,230,19697,2024-05-21 19:45:46,top up
402,114,-12379,2024-05-22 08:41:02,withdraw
1115,324,1764,2024-05-22 09:16:43,top up
1490,429,43122,2024-05-22 10:09:32,top up
1377,397,43518,2024-05-23 05:36:24,top up
1397,402,21018,2024-05-23 17:03:30,top up
29,8,30946,2024-05-24 07:00:47,top up
100,28,-19643,2024-05-26 03:43:44,withdraw
1841,525,-16216,2024-05-26 11:36:31,withdraw
726,208,25696,2024-05-26 13:18:36,top up
2047,583,24335,2024-05-26 14:48:58,top up
733,210,21521,2024-05-26 14:57:15,top up
309,88,35738,2024-05-26 22:53:06,top up
1110,323,-15849,2024-05-26 23:24:02,withdraw
635,183,8709,2024-05-27 06:06:03,top up
107,29,-16160,2024-05-28 04:34:00,withdraw
1214,355,31796,2024-05-28 11:11:16,top up
1529,439,19201,2024-05-28 11:55:39,top up
2026,577,31791,2024-05-28 18:45:48,top up
318,90,5362,2024-05-29 00:59:21,top up
1095,318,38272,2024-05-29 06:38:01,top up
997,287,-14238,2024-05-29 23:44:02,withdraw
72,19,27895,2024-05-31 05:59:02,top up
932,268,42573,2024-06-01 00:41:08,top up
43,11,35062,2024-06-01 19:45:02,top up
8,2,45909,2024-06-03 11:33:12,top up
30,8,-27662,2024-06-03 16:40:38,withdraw
489,138,-25642,2024-06-04 00:09:09,withdraw
643,186,-21869,2024-06-04 09:18:08,withdraw
687,198,-26696,2024-06-05 00:40:31,withdraw
337,96,-3743,2024-06-05 08:10:09,withdraw
935,270,9163,2024-06-05 17:58:22,top up
119,33,11326,2024-06-05 19:16:17,top up
1797,512,14400,2024-06-06 22:46:08,top up
756,217,-8021,2024-06-07 06:53:29,withdraw
1670,477,38136,2024-06-07 07:22:54,top up
1801,514,28644,2024-06-07 16:06:48,top up
338,96,-2894,2024-06-07 17:35:02,withdraw
1300,377,7600,2024-06-08 15:07:46,top up
1191,348,24534,2024-06-10 10:18:04,top up
237,69,11790,2024-06-10 21:57:44,top up
550,155,-26207,2024-06-13 01:49:11,withdraw
406,115,26130,2024-06-13 16:27:49,top up
2089,595,17460,2024-06-14 02:54:15,top up
1119,326,29960,2024-06-14 07:09:01,top up
2086,594,28295,2024-06-14 15:35:05,top up
676,195,-28620,2024-06-15 21:19:49,withdraw
373,106,22099,2024-06-15 22:09:44,top up
605,174,35095,2024-06-16 02:15:17,top up
1388,400,2427,2024-06-16 16:43:18,top up
1048,303,29814,2024-06-17 04:18:57,top up
1877,536,26215,2024-06-17 13:35:40,top up
1852,528,12743,2024-06-17 13:47:08,top up
920,264,35581,2024-06-17 21:08:51,top up
2107,600,-3003,2024-06-17 23:17:38,withdraw
1253,364,-17374,2024-06-19 01:13:39,withdraw
834,239,33450,2024-06-20 03:02:22,top up
1818,519,-16175,2024-06-20 06:28:59,withdraw
1692,483,-16128,2024-06-21 08:45:15,withdraw
954,276,27503,2024-06-21 14:00:08,top up
1680,480,16855,2024-06-22 04:36:46,top up
1055,305,-650,2024-06-22 15:20:16,withdraw
2030,578,7191,2024-06-22 16:55:06,top up
142,40,5045,2024-06-23 14:31:29,top up
206,59,49732,2024-06-23 16:28:04,top up
2100,598,46111,2024-06-23 22:10:52,top up
1649,470,24424,2024-06-24 20:07:51,top up
1042,300,-11322,2024-06-25 06:52:34,withdraw
238,69,47909,2024-06-25 16:48:16,top up
885,254,32614,2024-06-26 04:16:03,top up
255,74,35093,2024-06-26 05:05:22,top up
1893,540,1901,2024-06-26 14:23:30,top up
693,199,-23675,2024-06-26 14:41:45,withdraw
761,219,21351,2024-06-27 16:27:19,top up
730,209,-14327,2024-06-27 17:43:18,withdraw
350,99,-9718,2024-06-28 12:06:19,withdraw
1342,387,-21307,2024-06-28 17:47:42,withdraw
917,263,37303,2024-06-28 20:31:15,top up
1704,486,6575,2024-06-29 00:50:43,top up
1457,419,4512,2024-06-29 08:07:25,top up
248,72,5352,2024-06-30 03:42:41,top up
223,64,1629,2024-06-30 08:23:32,top up
1741,495,41297,2024-06-30 11:43:01,top up
1434,413,41644,2024-07-01 22:59:26,top up
508,144,27573,2024-07-02 03:12:46,top up
1590,454,-16831,2024-07-02 10:42:03,withdraw
435,124,7542,2024-07-03 06:32:37,top up
1162,339,-10147,2024-07-04 02:33:55,withdraw
367,103,28187,2024-07-04 04:39:05,top up
2103,599,-20568,2024-07-04 05:40:01,withdraw
1507,433,-2766,2024-07-06 09:47:25,withdraw
498,140,-29129,2024-07-06 20:27:57,withdraw
1169,341,-2309,2024-07-08 22:55:28,withdraw
1751,498,-10494,2024-07-09 02:06:09,withdraw
1612,461,32498,2024-07-09 02:43:50,top up
1079,312,30851,2024-07-09 04:17:35,top up
940,271,-5044,2024-07-10 05:35:48,withdraw
90,25,-17342,2024-07-11 01:52:52,withdraw
2101,598,48599,2024-07-11 03:24:35,top up
1699,485,6803,2024-07-11 08:39:42,top up
91,25,38865,2024-07-12 21:44:40,top up
339,96,2894,2024-07-13 08:37:03,top up
1568,449,-2062,2024-07-13 17:15:36,withdraw
1107,322,12771,2024-07-14 01:22:38,top up
961,278,-8495,2024-07-14 12:03:01,withdraw
950,275,-21306,2024-07-14 17:10:26,withdraw
974,281,44427,2024-07-14 21:34:56,top up
1122,327,10163,2024-07-15 16:19:53,top up
1189,347,48947,2024-07-16 08:37:24,top up
1765,501,12440,2024-07-16 09:07:50,top up
31,8,-17590,2024-07-18 07:51:14,withdraw
1538,442,1569,2024-07-18 17:43:27,top up
1019,294,-1675,2024-07-19 02:14:52,withdraw
750,216,-2308,2024-07-19 05:47:29,withdraw
199,56,26685,2024-07-19 07:18:39,top up
120,33,25847,2024-07-19 09:17:30,top up
27,7,8846,2024-07-20 03:06:34,top up
143,40,25638,2024-07-20 09:51:31,top up
1462,421,-7157,2024-07-21 02:53:11,withdraw
286,82,-21689,2024-07-21 04:53:48,withdraw
1994,566,15931,2024-07-21 05:45:34,top up
864,249,8896,2024-07-22 15:18:15,top up
724,207,25697,2024-07-22 19:37:18,top up
2006,570,34995,2024-07-23 21:47:31,top up
1864,532,-24372,2024-07-23 22:51:29,withdraw
1654,471,-26055,2024-07-24 07:52:43,withdraw
249,72,9425,2024-07-25 09:50:09,top up
1581,452,34072,2024-07-25 14:27:24,top up
293,84,-1046,2024-07-25 20:07:18,withdraw
1861,531,19555,2024-07-26 08:55:16,top up
1240,361,-13834,2024-07-26 11:07:50,withdraw
719,206,17426,2024-07-26 11:30:04,top up
1201,351,-6838,2024-07-26 13:45:53,withdraw
1491,429,35202,2024-07-26 19:36:23,top up
1447,416,-7283,2024-07-26 21:35:45,withdraw
304,87,49295,2024-07-26 23:22:38,top up
586,169,12174,2024-07-27 02:27:10,top up
2079,592,6490,2024-07-28 12:04:42,top up
1520,437,33054,2024-07-28 14:00:56,top up
1819,519,27248,2024-07-28 14:26:37,top up
452,129,-2863,2024-07-28 23:31:14,withdraw
821,235,41211,2024-07-29 03:54:28,top up
1099,319,19923,2024-07-29 07:20:43,top up
1430,412,39568,2024-07-29 23:39:57,top up
148,41,-29615,2024-07-30 01:28:17,withdraw
1198,350,33838,2024-07-30 13:25:54,top up
1537,441,-19872,2024-07-31 06:17:27,withdraw
2055,586,-15314,2024-08-01 02:03:59,withdraw
2039,581,9372,2024-08-01 21:51:04,top up
1836,524,4190,2024-08-02 23:51:41,top up
1443,415,15534,2024-08-03 00:22:19,top up
1964,556,-18431,2024-08-03 12:34:52,withdraw
614,177,19247,2024-08-04 02:47:33,top up
1735,494,46549,2024-08-04 03:32:26,top up
1023,295,43021,2024-08-05 07:00:56,top up
736,211,23519,2024-08-05 16:34:19,top up
1972,558,22761,2024-08-07 01:35:17,top up
1997,567,44962,2024-08-07 20:41:12,top up
812,233,39298,2024-08-09 02:52:20,top up
1911,544,15563,2024-08-09 13:59:40,top up
838,241,16498,2024-08-09 16:19:50,top up
955,276,19628,2024-08-09 22:43:10,top up
1359,392,43846,2024-08-10 13:54:39,top up
1391,401,30047,2024-08-10 23:04:20,top up
1925,547,7428,2024-08-11 06:01:25,top up
839,241,45192,2024-08-12 04:25:28,top up
1038,299,15630,2024-08-13 02:56:28,top up
1530,439,27931,2024-08-16 22:35:49,top up
1466,422,15872,2024-08-17 10:30:44,top up
194,55,44370,2024-08-18 09:18:53,top up
576,165,42373,2024-08-19 11:42:12,top up
861,248,-15913,2024-08-19 15:59:26,withdraw
202,57,14244,2024-08-19 19:04:14,top up
162,45,33504,2024-08-20 18:04:10,top up
10,3,-3805,2024-08-21 01:58:02,withdraw
947,274,1989,2024-08-22 10:34:41,top up
1104,321,41392,2024-08-22 16:02:34,top up
319,90,18131,2024-08-24 00:11:55,top up
1842,525,-15544,2024-08-24 02:07:39,withdraw
1264,367,45399,2024-08-24 06:57:53,top up
2019,575,44947,2024-08-24 20:05:58,top up
2020,575,29803,2024-08-25 22:42:48,top up
457,130,44407,2024-08-25 23:25:41,top up
1475,424,44895,2024-08-26 13:46:37,top up
1067,308,-12989,2024-08-28 11:25:00,withdraw
1514,435,49265,2024-08-28 19:47:23,top up
1330,384,-7113,2024-08-29 01:34:45,withdraw
2108,600,-11317,2024-08-29 07:58:24,withdraw
1672,478,25377,2024-08-30 14:02:05,top up
374,106,20514,2024-08-31 05:54:15,top up
19,5,16510,2024-08-31 11:01:17,top up
358,101,45392,2024-08-31 21:07:47,top up
3,1,9353,2024-09-01 16:57:27,top up
294,84,27650,2024-09-02 08:11:12,top up
1539,442,14008,2024-09-02 08:47:59,top up
1732,493,11660,2024-09-02 20:22:37,top up
1973,558,-28443,2024-09-03 02:43:29,withdraw
1231,358,16852,2024-09-03 06:23:35,top up
1948,552,28585,2024-09-04 15:37:25,top up
648,187,41407,2024-09-05 05:46:34,top up
1000,288,-23224,2024-09-06 03:13:10,withdraw
1615,462,4301,2024-09-06 11:39:08,top up
1211,354,1896,2024-09-07 02:50:26,top up
1599,456,-9073,2024-09-07 08:37:24,withdraw
227,65,26147,2024-09-07 18:13:12,top up
1428,411,20917,2024-09-08 11:29:28,top up
1084,314,-22350,2024-09-08 14:39:27,withdraw
490,138,48048,2024-09-08 21:03:38,top up
990,285,42611,2024-09-10 00:41:32,top up
186,52,-6636,2024-09-10 23:53:32,withdraw
1827,522,8025,2024-09-11 14:22:09,top up
403,114,20710,2024-09-11 15:38:04,top up
731,209,39357,2024-09-12 03:24:13,top up
1212,354,35082,2024-09-12 05:25:11,top up
701,202,39173,2024-09-12 06:28:35,top up
1410,406,-14544,2024-09-12 10:09:27,withdraw
397,113,-19135,2024-09-12 19:20:07,withdraw
124,34,21317,2024-09-13 05:22:12,top up
1167,340,34266,2024-09-13 05:42:53,top up
929,267,25122,2024-09-13 16:16:36,top up
1705,486,14999,2024-09-14 07:32:52,top up
1521,437,10070,2024-09-14 07:45:04,top up
1049,303,-22280,2024-09-14 10:09:14,withdraw
101,28,2069,2024-09-15 07:33:53,top up
925,265,28273,2024-09-15 15:51:45,top up
1857,530,20139,2024-09-15 17:09:23,top up
1571,450,24294,2024-09-17 06:05:12,top up
491,138,21699,2024-09-18 16:35:16,top up
20,5,20368,2024-09-19 04:04:06,top up
1163,339,36900,2024-09-20 05:28:29,top up
1297,376,18915,2024-09-21 05:06:02,top up
813,233,-18022,2024-09-21 08:30:03,withdraw
1438,414,34155,2024-09-21 21:53:26,top up
793,228,29141,2024-09-22 00:50:40,top up
11,3,13824,2024-09-23 20:40:23,top up
375,106,42135,2024-09-24 03:01:14,top up
688,198,35904,2024-09-25 23:15:12,top up
354,100,10407,2024-09-26 04:31:03,top up
856,246,20021,2024-09-26 10:17:58,top up
232,68,-6251,2024-09-26 14:46:02,withdraw
1894,540,-23925,2024-09-26 16:19:16,withdraw
914,262,35301,2024-09-26 19:43:08,top up
1865,532,43541,2024-09-26 21:53:28,top up
84,23,1213,2024-09-26 22:56:12,top up
190,54,36288,2024-09-27 08:17:58,top up
1125,328,18416,2024-09-27 13:49:09,top up
758,218,11640,2024-09-28 03:08:50,top up
571,163,-14305,2024-09-28 09:36:28,withdraw
4,1,41968,2024-09-28 11:10:19,top up
1133,330,1356,2024-09-28 15:11:30,top up
213,61,45005,2024-09-29 18:55:35,top up
1292,374,32058,2024-09-30 06:47:29,top up
1222,356,13713,2024-09-30 15:16:25,top up
272,79,17872,2024-09-30 17:59:00,top up
943,272,-8579,2024-09-30 18:32:11,withdraw
345,98,45286,2024-10-01 02:19:45,top up
125,34,9271,2024-10-01 02:30:28,top up
957,277,32615,2024-10-01 18:58:58,top up
1243,362,23278,2024-10-01 20:18:00,top up
2064,588,15808,2024-10-01 21:15:08,top up
2022,576,-15035,2024-10-03 00:59:17,withdraw
9,2,-17721,2024-10-03 14:14:15,withdraw
138,38,24545,2024-10-03 15:35:22,top up
977,282,36339,2024-10-03 18:45:36,top up
340,96,3743,2024-10-03 20:18:05,top up
671,194,21397,2024-10-03 22:59:20,top up
741,213,18382,2024-10-04 07:46:15,top up
233,68,6251,2024-10-04 13:31:35,top up
1629,465,-24239,2024-10-04 17:30:19,withdraw
962,278,7311,2024-10-04 17:39:53,top up
94,26,-25521,2024-10-04 21:50:46,withdraw
762,219,3229,2024-10-04 22:12:49,top up
836,240,10206,2024-10-05 13:49:45,top up
1215,355,42318,2024-10-05 15:33:20,top up
1664,475,28397,2024-10-05 20:35:12,top up
893,256,46640,2024-10-06 13:48:55,top up
324,91,-3371,2024-10-07 15:50:07,withdraw
1915,545,25812,2024-10-08 02:34:24,top up
509,144,-6931,2024-10-08 15:23:40,withdraw
558,158,27435,2024-10-09 19:52:49,top up
1555,446,-2779,2024-10-10 05:22:15,withdraw
1495,430,-1555,2024-10-10 09:28:53,withdraw
1325,383,8989,2024-10-11 12:49:57,top up
981,283,3147,2024-10-12 09:17:25,top up
765,220,7469,2024-10-13 03:37:38,top up
46,12,29102,2024-10-13 19:44:22,top up
446,127,-4775,2024-10-14 22:56:31,withdraw
590,170,40518,2024-10-15 02:09:10,top up
2080,592,22567,2024-10-15 07:58:25,top up
1757,499,-3244,2024-10-15 20:37:07,withdraw
1333,385,30007,2024-10-16 00:28:02,top up
430,122,43658,2024-10-16 02:38:43,top up
672,194,-22094,2024-10-16 12:06:07,withdraw
1736,494,42395,2024-10-16 12:51:05,top up
600,173,2759,2024-10-16 14:02:11,top up
1547,444,3045,2024-10-16 16:33:57,top up
157,43,30228,2024-10-16 17:53:44,top up
78,21,38048,2024-10-17 08:27:31,top up
1512,434,3133,2024-10-17 11:34:24,top up
462,131,17748,2024-10-18 01:24:48,top up
1448,416,36380,2024-10-18 04:42:39,top up
1194,349,-4279,2024-10-18 19:35:08,withdraw
1482,426,27147,2024-10-19 09:04:03,top up
1134,330,14403,2024-10-19 18:15:19,top up
1483,426,-29200,2024-10-22 08:03:38,withdraw
2008,571,16436,2024-10-22 20:40:35,top up
555,157,31713,2024-10-23 10:29:59,top up
1770,503,20693,2024-10-23 11:26:08,top up
1561,447,-2664,2024-10-23 15:40:28,withdraw
619,179,24339,2024-10-23 17:54:21,top up
102,28,42722,2024-10-24 16:35:50,top up
1968,557,38975,2024-10-25 13:19:01,top up
277,80,-23168,2024-10-26 00:11:21,withdraw
1880,537,25017,2024-10-26 08:18:30,top up
921,264,26510,2024-10-27 02:11:57,top up
1686,482,14983,2024-10-28 08:32:03,top up
1141,332,28313,2024-10-28 11:51:14,top up
1195,349,22693,2024-10-28 13:39:31,top up
1298,376,-18915,2024-10-29 02:03:20,withdraw
1776,505,47817,2024-10-29 09:09:33,top up
1956,554,14921,2024-10-29 10:07:20,top up
1295,375,13774,2024-10-29 10:58:11,top up
1635,466,36180,2024-10-30 03:23:19,top up
392,111,-19857,2024-10-30 06:39:39,withdraw
1392,401,-6375,2024-10-30 09:38:47,withdraw
1412,407,21712,2024-10-30 20:14:34,top up
153,42,28249,2024-11-01 11:41:15,top up
597,172,10013,2024-11-02 20:46:10,top up
1556,446,-13228,2024-11-02 21:35:13,withdraw
1586,453,19779,2024-11-02 22:54:28,top up
1906,543,42806,2024-11-03 11:35:23,top up
1025,296,30230,2024-11-03 12:19:02,top up
165,46,4365,2024-11-03 14:22:11,top up
601,173,-17160,2024-11-04 10:30:09,withdraw
257,75,44921,2024-11-04 11:02:26,top up
1369,395,44744,2024-11-04 14:53:47,top up
1888,539,12657,2024-11-05 04:37:45,top up
906,259,29089,2024-11-05 16:38:08,top up
734,210,20456,2024-11-05 21:06:09,top up
556,157,12533,2024-11-06 05:32:39,top up
299,85,-23861,2024-11-07 00:08:47,withdraw
1209,353,22510,2024-11-07 03:48:49,top up
1616,462,26283,2024-11-07 05:43:54,top up
982,283,-12252,2024-11-07 18:37:06,withdraw
1086,315,23254,2024-11-07 18:59:17,top up
697,200,-4260,2024-11-07 18:59:37,withdraw
1400,403,49465,2024-11-07 21:14:22,top up
853,245,21468,2024-11-08 02:04:06,top up
1531,439,-610,2024-11-08 06:27:56,withdraw
1630,465,11992,2024-11-08 12:59:19,top up
637,184,-5163,2024-11-09 19:46:42,withdraw
644,186,45100,2024-11-12 07:54:49,top up
302,86,-29526,2024-11-12 18:33:56,withdraw
1965,556,-18959,2024-11-12 23:02:50,withdraw
182,51,-6099,2024-11-14 18:34:25,withdraw
663,192,31275,2024-11-14 20:31:38,top up
786,226,-2837,2024-11-15 00:53:03,withdraw
901,258,42207,2024-11-15 08:29:35,top up
1265,367,-16007,2024-11-15 14:34:17,withdraw
1176,343,14135,2024-11-15 15:22:33,top up
1916,545,9201,2024-11-15 17:13:33,top up
1849,527,-6192,2024-11-15 23:00:23,withdraw
1216,355,16877,2024-11-16 10:37:28,top up
346,98,-17893,2024-11-17 21:14:31,withdraw
1700,485,10589,2024-11-18 00:06:19,top up
1154,336,1198,2024-11-18 20:12:13,top up
295,84,48359,2024-11-19 01:04:04,top up
1202,351,-9212,2024-11-19 15:01:34,withdraw
983,283,-9652,2024-11-19 18:56:22,withdraw
1608,460,19287,2024-11-19 19:48:59,top up
1822,520,17464,2024-11-19 21:58:12,top up
2013,573,18713,2024-11-20 11:45:57,top up
160,44,30163,2024-11-22 05:21:24,top up
2056,586,38998,2024-11-22 08:54:04,top up
1217,355,-2822,2024-11-22 14:31:02,withdraw
898,257,37384,2024-11-23 16:46:37,top up
825,236,2035,2024-11-23 18:34:16,top up
439,125,44808,2024-11-24 22:38:13,top up
417,118,2619,2024-11-25 17:27:40,top up
1370,395,-11446,2024-11-27 05:45:46,withdraw
2014,573,-7628,2024-11-27 09:35:59,withdraw
2049,584,21110,2024-11-27 17:28:14,top up
412,117,5327,2024-11-27 22:12:08,top up
1878,536,12948,2024-11-28 11:25:26,top up
1502,432,1122,2024-11-30 01:15:35,top up
2090,595,26193,2024-12-01 09:16:31,top up
1244,362,43379,2024-12-02 13:44:53,top up
868,250,23380,2024-12-04 08:17:06,top up
689,198,49660,2024-12-04 13:12:32,top up
398,113,19135,2024-12-05 04:57:09,top up
1142,332,-9836,2024-12-05 08:49:48,withdraw
109,30,23987,2024-12-06 04:03:14,top up
702,202,48985,2024-12-06 12:20:28,top up
873,251,-12940,2024-12-07 04:19:24,withdraw
341,96,41946,2024-12-07 07:53:52,top up
267,78,19376,2024-12-07 13:10:33,top up
742,213,25243,2024-12-07 14:46:28,top up
1687,482,18644,2024-12-08 00:33:21,top up
15,4,34025,2024-12-08 05:52:45,top up
1889,539,20078,2024-12-09 09:38:57,top up
1752,498,10494,2024-12-10 04:22:07,top up
40,10,8046,2024-12-11 11:29:50,top up
1349,389,42651,2024-12-11 21:09:07,top up
640,185,-2010,2024-12-12 02:38:25,withdraw
1413,407,43298,2024-12-12 05:11:41,top up
1064,307,20172,2024-12-12 09:39:44,top up
1982,561,18973,2024-12-12 16:50:44,top up
751,216,20471,2024-12-13 13:49:22,top up
68,18,-24045,2024-12-13 20:06:49,withdraw
1710,487,13973,2024-12-14 16:02:16,top up
1789,510,43622,2024-12-15 01:15:51,top up
1729,492,41317,2024-12-15 06:36:01,top up
1762,500,4023,2024-12-15 07:51:15,top up
1790,510,42268,2024-12-15 15:07:55,top up
1005,290,35310,2024-12-15 19:02:11,top up
282,81,8186,2024-12-16 02:52:16,top up
832,238,41585,2024-12-16 07:15:15,top up
1130,329,8357,2024-12-16 07:29:35,top up
1572,450,46565,2024-12-16 07:53:37,top up
1617,462,12010,2024-12-16 17:41:28,top up
978,282,-5340,2024-12-16 20:20:56,withdraw
343,97,21326,2024-12-17 00:53:56,top up
941,271,32279,2024-12-17 11:38:59,top up
1316,381,21843,2024-12-17 12:56:00,top up
1199,350,-8029,2024-12-18 07:15:54,withdraw
1984,562,39643,2024-12-18 12:09:25,top up
656,190,9872,2024-12-18 12:22:10,top up
2099,597,-9702,2024-12-18 18:38:40,withdraw
1783,508,13876,2024-12-18 23:31:18,top up
1453,418,4521,2024-12-19 07:23:52,top up
667,193,27197,2024-12-19 10:49:55,top up
245,71,35244,2024-12-19 11:16:56,top up
536,151,3516,2024-12-20 06:58:30,top up
1404,404,26264,2024-12-20 20:04:55,top up
1285,372,-20500,2024-12-22 08:51:57,withdraw
602,173,1721,2024-12-22 09:35:20,top up
1837,524,26279,2024-12-22 13:31:00,top up
918,263,4537,2024-12-22 23:14:58,top up
1096,318,-23278,2024-12-23 00:57:00,withdraw
537,151,18468,2024-12-23 19:34:27,top up
548,154,30892,2024-12-24 05:14:24,top up
1039,299,-5674,2024-12-24 06:41:19,withdraw
2023,576,27772,2024-12-24 11:57:17,top up
1097,318,-13622,2024-12-24 13:55:58,withdraw
1591,454,16885,2024-12-25 19:40:13,top up
47,12,36128,2024-12-26 09:38:31,top up
234,68,42605,2024-12-26 10:11:21,top up
216,62,10038,2024-12-26 12:17:43,top up
579,166,-8111,2024-12-27 23:42:33,withdraw
1497,431,1321,2024-12-28 01:00:39,top up
1286,372,-5879,2024-12-28 15:07:05,withdraw
1871,534,-19398,2024-12-30 09:46:52,withdraw
1869,533,-17046,2024-12-30 18:11:59,withdraw
486,137,-24836,2024-12-31 01:17:14,withdraw
1126,328,3439,2024-12-31 11:33:48,top up
2094,596,39203,2024-12-31 14:04:01,top up
936,270,25891,2024-12-31 17:48:58,top up
