1,275,2022-10-31 11:50:59,385344,false
2,51,2023-01-25 12:34:07,205488,false
3,246,2023-10-23 01:36:12,205167,true
4,204,2022-08-09 20:49:39,249442,false
5,300,2023-10-02 18:00:11,134764,false
6,105,2024-09-28 23:57:20,218988,true
7,102,2022-05-31 00:29:40,46293,true
8,510,2022-06-14 17:20:19,219559,true
9,416,2023-09-06 20:18:32,280352,false
10,194,2022-05-05 18:25:44,243006,false
11,112,2024-04-10 19:48:55,697086,false
12,292,2024-07-18 15:50:48,139988,true
13,442,2023-04-29 08:25:20,59505,true
14,454,2022-07-05 15:29:54,240267,true
15,558,2024-07-25 22:51:41,329414,false
16,240,2022-02-07 23:14:07,335344,false
17,238,2022-04-12 06:52:20,278298,false
18,115,2024-04-05 06:40:23,282164,true
19,556,2024-10-18 23:55:26,209726,true
20,87,2024-08-25 07:12:37,298722,false
21,5,2024-11-23 11:12:37,462898,false
22,390,2024-02-12 17:30:33,65384,false
23,177,2023-08-22 08:30:28,543226,false
24,78,2022-05-17 20:56:52,316984,false
25,353,2024-06-02 20:53:05,164157,false
26,239,2022-12-23 23:17:35,305539,false
27,95,2022-07-18 19:08:05,102380,true
28,389,2022-06-17 00:46:38,387266,true
29,88,2023-02-17 12:49:32,319345,false
30,335,2022-07-01 04:07:00,136637,false
31,17,2023-08-26 10:29:15,203953,true
32,119,2022-10-12 16:56:17,457406,false
33,116,2023-12-06 16:52:05,128348,true
34,285,2024-12-30 20:38:10,80428,true
35,278,2022-11-01 13:25:53,627178,false
36,50,2022-09-08 10:07:42,66862,true
37,390,2023-11-13 07:47:34,75048,false
38,337,2023-05-09 20:12:12,55582,false
39,224,2023-03-17 23:17:25,264657,false
40,182,2024-03-30 14:43:39,348665,false
41,407,2023-01-09 00:00:03,476896,false
42,431,2024-11-01 12:47:03,98655,false
43,284,2023-03-31 12:29:35,106551,false
44,81,2022-12-26 09:37:48,258020,false
45,511,2024-03-03 05:07:52,293528,false
46,330,2023-12-31 03:43:19,18295,false
47,536,2023-09-07 13:59:34,47088,false
48,329,2024-03-13 02:01:27,149049,false
49,448,2024-08-06 16:55:47,257332,false
50,367,2024-09-13 22:44:15,46600,false
51,465,2023-01-03 10:10:09,218605,false
52,522,2022-11-15 16:21:43,488800,false
53,141,2022-08-16 08:47:27,103443,true
54,448,2023-03-29 15:06:58,336105,false
55,294,2024-04-10 08:14:29,302498,false
56,333,2022-10-16 17:32:02,273756,false
57,581,2022-11-21 15:35:04,103842,true
58,103,2023-09-02 09:21:48,291486,false
59,29,2023-04-28 13:54:13,265711,false
60,494,2023-08-27 21:35:24,230249,true
61,22,2023-01-01 17:49:34,145089,true
62,270,2024-05-05 10:59:49,302561,true
63,338,2022-08-21 04:48:19,333238,false
64,250,2022-06-30 01:58:23,236602,true
65,315,2023-06-25 22:54:02,46580,true
66,231,2024-01-27 03:53:13,269891,false
67,167,2024-12-25 13:10:16,315247,false
68,29,2024-11-07 04:11:18,90334,false
69,292,2022-02-28 15:02:52,271188,true
70,103,2023-03-14 18:23:19,233799,false
71,348,2023-09-24 10:30:12,13300,true
72,323,2022-12-30 09:51:37,102388,false
73,491,2022-04-08 12:43:59,216215,false
74,412,2022-02-11 01:56:18,87486,true
75,39,2023-12-12 02:32:34,169642,true
76,76,2022-05-24 23:29:55,183800,true
77,207,2023-09-03 03:38:52,83375,false
78,114,2023-11-19 03:55:27,448300,false
79,448,2023-09-03 05:38:39,105200,false
80,589,2024-08-31 16:37:59,65315,false
81,171,2023-12-14 12:50:30,128951,false
82,585,2023-08-09 05:33:25,322996,false
83,326,2022-06-17 06:55:21,169608,true
84,195,2023-03-09 01:09:10,28174,true
85,534,2024-12-13 08:41:32,256749,true
86,246,2024-03-19 13:59:19,28464,true
87,39,2022-11-22 04:27:49,183457,false
88,263,2023-06-04 06:24:09,357333,false
89,336,2022-05-04 13:27:57,284015,false
90,181,2022-09-11 18:15:30,73211,false
91,6,2024-07-11 03:10:19,328958,false
92,266,2024-01-20 14:03:45,23157,true
93,478,2024-06-22 14:02:44,34128,true
94,87,2022-10-13 16:43:36,270342,false
95,187,2022-05-04 19:45:09,176838,false
96,253,2022-10-04 18:24:53,288802,true
97,181,2024-11-19 05:49:00,268671,false
98,265,2022-01-22 23:00:35,316273,false
99,99,2023-08-15 09:28:53,233292,false
100,149,2024-07-31 13:32:47,491781,false
101,474,2024-10-17 23:54:11,11990,true
102,1,2024-02-06 18:43:02,227925,false
103,45,2024-09-07 16:14:45,354059,false
104,322,2023-07-07 02:53:26,211935,false
105,563,2024-08-26 09:28:33,119334,true
106,3,2024-11-18 11:15:27,478693,false
107,40,2024-01-22 13:58:53,125825,true
108,134,2022-12-24 19:35:06,154790,true
109,159,2024-01-09 01:15:29,23729,false
110,120,2022-02-04 02:32:12,410269,false
111,78,2024-08-16 20:40:01,65808,false
112,190,2024-02-29 22:58:52,51734,true
113,23,2023-12-27 08:55:50,228503,true
114,490,2022-01-30 03:26:05,28156,true
115,122,2023-09-11 19:54:15,352554,false
116,390,2024-02-23 07:24:31,339910,true
117,325,2024-07-11 03:59:11,138792,false
118,486,2024-10-20 01:56:16,269619,false
119,206,2022-01-18 08:26:09,245365,false
120,289,2022-10-03 18:09:52,180550,true
121,410,2024-10-19 06:42:01,431284,false
122,245,2024-04-16 03:48:15,58822,false
123,14,2024-05-04 09:58:18,231367,true
124,56,2024-09-10 10:13:09,254436,false
125,195,2022-08-21 17:20:45,44531,false
126,256,2024-07-04 19:34:55,366220,false
127,354,2023-01-09 20:46:04,343801,false
128,237,2022-12-05 18:29:00,116239,false
129,311,2023-05-05 12:29:30,297541,false
130,189,2023-06-14 11:30:53,292457,false
131,41,2022-03-27 12:06:15,396204,false
132,152,2022-08-06 15:16:56,122521,true
133,523,2024-02-06 01:14:08,12206,true
134,366,2022-01-07 22:30:12,228096,true
135,174,2024-10-06 03:15:27,185404,false
136,596,2023-01-05 14:53:45,133491,false
137,352,2024-03-11 02:51:59,361090,false
138,276,2022-03-20 09:28:29,222040,true
139,531,2023-12-10 10:09:08,291062,true
140,76,2022-11-26 19:09:43,30560,true
141,535,2022-04-10 11:01:22,379286,false
142,246,2024-05-18 18:19:14,554378,false
143,136,2022-06-20 20:42:56,132400,false
144,197,2024-08-05 00:46:08,46996,false
145,425,2022-08-31 09:23:19,404258,false
146,392,2023-02-15 17:47:08,168914,true
147,361,2024-04-20 16:26:00,142984,true
148,573,2024-03-24 09:14:32,58420,false
149,45,2024-05-11 22:27:48,226962,true
150,68,2023-12-14 08:28:46,15402,true
151,436,2024-02-02 13:47:16,203454,false
152,501,2024-02-25 08:32:42,443988,false
153,274,2023-05-07 04:24:30,3928,true
154,104,2023-03-22 10:44:26,105056,true
155,482,2023-07-09 02:10:10,182884,false
156,185,2024-10-21 13:57:23,377921,false
157,488,2022-05-06 02:47:16,277964,false
158,389,2022-06-11 02:22:20,103212,false
159,124,2022-10-27 00:49:40,171777,false
160,169,2023-12-20 23:10:46,431356,false
161,24,2023-11-07 16:05:45,286419,true
162,347,2023-04-02 07:35:03,43141,false
163,69,2024-06-09 19:02:13,12929,true
164,215,2022-10-19 07:26:55,294412,false
165,565,2022-05-26 06:34:07,100742,true
166,550,2022-09-29 19:58:33,103182,true
167,323,2022-01-28 09:32:03,329680,true
168,22,2024-06-25 06:15:34,178361,true
169,18,2023-01-12 20:31:42,283257,false
170,145,2022-08-10 17:25:06,417,true
171,569,2024-07-14 03:57:13,96084,false
172,477,2023-01-12 10:21:23,270007,false
173,544,2023-07-22 10:10:48,295232,true
174,154,2023-09-19 09:01:35,32104,true
175,8,2023-05-06 23:12:10,3160,true
176,444,2023-11-17 01:34:04,262387,false
177,589,2024-04-16 23:18:05,110683,false
178,518,2023-07-10 16:26:21,460703,false
179,165,2024-02-17 01:38:46,177412,true
180,342,2024-01-28 02:48:15,39880,true
181,338,2023-10-28 12:47:33,353227,false
182,168,2022-12-05 04:46:30,86426,true
183,328,2024-03-21 16:27:35,489328,false
184,177,2022-07-31 14:40:48,4575,true
185,340,2022-08-19 08:39:57,228044,false
186,55,2022-07-06 08:15:51,332016,true
187,494,2024-12-13 04:14:36,184211,false
188,429,2024-12-21 11:06:20,108640,false
189,182,2024-04-09 00:12:21,31558,false
190,519,2024-01-30 22:07:18,42070,false
191,469,2022-01-03 19:39:01,128432,false
192,86,2024-07-09 07:27:52,184563,false
193,84,2024-10-31 00:08:20,246665,true
194,18,2023-07-10 23:45:41,44014,true
195,578,2024-02-11 21:07:21,286303,false
196,329,2022-12-17 02:47:57,72501,false
197,324,2024-05-12 14:56:25,203814,false
198,375,2024-01-28 03:36:03,80158,false
199,439,2024-03-04 07:37:24,184516,true
200,528,2024-12-08 01:18:21,102334,true
201,536,2023-01-11 09:05:25,24327,false
202,504,2023-11-02 17:42:17,532927,false
203,520,2023-12-31 15:52:06,180394,false
204,234,2022-02-10 02:36:22,124963,true
205,54,2023-04-07 06:30:29,112890,false
206,200,2022-09-19 15:26:51,336621,false
207,557,2024-03-03 11:42:49,57413,false
208,138,2024-02-18 22:02:34,303095,false
209,456,2023-08-10 18:06:05,306895,false
210,306,2024-04-26 18:23:43,459572,false
211,83,2022-05-14 14:07:02,120980,true
212,137,2024-11-07 17:36:28,110465,false
213,137,2023-11-12 15:16:48,360325,false
214,468,2024-05-03 10:35:14,238273,true
215,302,2022-08-18 14:35:41,241740,false
216,25,2024-06-05 23:14:44,221974,false
217,378,2023-05-14 00:14:03,290388,false
218,543,2024-03-26 00:04:54,8888,true
219,59,2022-11-05 08:35:59,364092,true
220,32,2022-04-29 18:41:05,249506,false
221,170,2022-11-11 03:43:00,208057,true
222,106,2022-11-11 10:03:45,279248,false
223,173,2024-01-15 22:04:18,359814,false
224,217,2022-04-27 22:48:51,218097,false
225,483,2022-01-16 18:23:03,281354,false
226,581,2023-12-03 22:10:39,115032,false
227,93,2023-06-01 11:50:34,78968,true
228,130,2024-03-14 00:51:07,499181,false
229,71,2022-07-03 06:12:25,68718,false
230,218,2023-09-22 15:19:01,200268,false
231,566,2024-04-15 03:53:46,104745,true
232,278,2024-06-06 17:39:57,329502,false
233,154,2023-07-06 01:31:20,206390,false
234,560,2022-01-08 23:22:42,167683,false
235,582,2023-10-28 16:05:14,93494,false
236,231,2024-07-31 02:07:44,349640,true
237,487,2024-01-26 12:20:39,213539,false
238,504,2022-09-05 02:25:47,210369,false
239,103,2023-06-12 13:10:33,218976,false
240,1,2023-11-07 18:14:03,74406,true
241,470,2022-01-23 15:46:33,66186,true
242,458,2024-09-09 11:31:39,121211,false
243,51,2022-06-13 00:41:12,417302,true
244,146,2023-09-20 00:07:04,392393,false
245,577,2024-01-04 17:09:51,92284,false
246,179,2022-05-22 18:57:42,507286,false
247,49,2023-09-05 23:14:12,122374,true
248,423,2022-12-16 09:55:46,356719,false
249,291,2022-07-12 01:08:23,69114,true
250,419,2023-10-01 01:14:08,35835,true
251,234,2024-10-17 18:24:10,106201,false
252,499,2023-12-18 22:16:46,256793,false
253,32,2024-08-22 22:36:14,15970,false
254,134,2023-06-17 19:05:48,66252,true
255,257,2022-06-21 11:58:19,121804,true
256,293,2023-03-22 00:45:10,277607,false
257,75,2024-01-05 19:34:20,36513,true
258,94,2024-11-03 03:09:52,321918,false
259,593,2022-12-04 01:31:07,303269,false
260,217,2023-03-05 20:10:27,298724,false
261,186,2024-09-23 02:00:09,205043,false
262,479,2023-11-14 01:33:18,120241,false
263,289,2023-12-17 06:31:25,154503,false
264,312,2022-08-05 16:59:31,116246,true
265,410,2023-09-11 08:52:17,106109,true
266,128,2022-01-12 17:03:48,204762,false
267,434,2023-07-13 20:43:01,79968,true
268,450,2022-07-18 17:08:55,246448,false
269,332,2023-03-04 18:45:38,80430,true
270,102,2022-04-18 20:34:38,133498,true
271,323,2023-10-13 12:04:48,14672,false
272,86,2024-02-19 16:49:49,448785,false
273,98,2024-01-06 12:31:30,395878,false
274,370,2024-03-12 03:41:53,178465,true
275,90,2023-07-16 20:24:17,124914,true
276,585,2023-08-23 18:53:41,395,false
277,418,2022-02-05 08:24:45,94504,false
278,68,2022-12-20 21:46:32,79186,true
279,203,2023-02-23 16:23:21,245709,false
280,496,2023-11-06 07:46:22,86652,true
281,392,2024-05-24 01:41:18,145955,false
282,497,2024-01-05 11:57:56,128860,true
283,6,2022-05-14 10:38:20,317825,false
284,322,2023-11-15 01:41:13,386874,false
285,331,2023-06-22 14:58:04,110880,false
286,323,2024-01-01 10:16:28,82101,true
287,36,2022-03-29 09:47:12,138707,false
288,423,2024-05-20 03:48:19,86006,true
289,328,2023-11-21 04:06:39,514937,false
290,268,2022-09-30 06:26:59,148753,true
291,374,2022-06-08 08:08:42,60013,false
292,183,2023-01-05 04:08:02,122820,true
293,528,2024-06-08 12:05:37,647277,true
294,199,2022-10-19 13:21:01,153729,true
295,213,2022-02-05 14:00:58,241640,true
296,54,2022-04-23 11:12:29,99219,true
297,175,2023-09-12 02:05:42,72330,true
298,265,2022-02-21 06:17:38,36912,true
299,188,2022-07-03 15:12:13,252136,true
300,126,2022-07-11 11:52:23,185053,true
301,502,2024-07-04 09:56:43,177008,true
302,242,2023-04-10 07:07:14,331745,false
303,269,2024-09-15 09:39:52,391428,false
304,454,2024-07-17 11:20:00,162399,false
305,124,2024-02-17 00:33:58,295760,false
306,356,2023-01-28 23:18:02,163697,true
307,239,2022-03-01 00:43:15,302438,true
308,173,2022-10-10 15:01:46,308949,false
309,505,2023-12-16 13:53:36,311294,false
310,162,2024-03-13 13:19:36,210981,false
311,480,2023-01-30 10:46:10,272170,false
312,198,2022-08-31 10:28:23,142604,false
313,173,2024-01-28 01:14:23,218524,false
314,124,2024-07-02 03:24:20,144013,true
315,94,2022-07-05 00:10:40,288236,false
316,467,2023-02-26 14:13:23,251169,true
317,425,2023-06-19 20:56:08,322335,false
318,464,2023-07-15 02:52:08,131860,false
319,453,2023-05-23 16:58:36,74642,true
320,132,2023-11-08 05:33:37,29216,false
321,356,2023-04-22 06:33:39,145872,true
322,155,2024-07-04 01:33:19,274749,true
323,551,2023-06-10 19:59:13,149684,false
324,383,2024-12-22 03:18:39,399799,false
325,31,2023-07-06 23:04:00,95250,true
326,284,2023-07-09 19:35:13,167245,false
327,599,2024-05-27 17:36:02,184037,false
328,21,2023-01-24 02:17:33,43877,false
329,79,2024-08-25 15:26:55,44122,false
330,107,2023-09-10 02:10:20,277199,false
331,108,2022-05-08 02:14:06,234708,true
332,140,2024-09-29 13:08:15,234895,false
333,301,2023-01-19 11:41:47,306194,false
334,448,2023-12-14 13:16:21,165962,false
335,427,2024-12-06 06:03:41,34672,false
336,431,2023-01-09 18:38:19,233199,false
337,290,2022-02-03 12:04:55,282942,false
338,272,2022-09-28 14:12:30,171179,false
339,184,2023-07-11 20:03:11,237677,false
340,167,2022-03-17 21:55:46,59856,false
341,308,2022-06-12 16:28:12,182037,true
342,582,2022-05-29 02:06:40,371467,true
343,237,2023-01-21 10:08:34,233628,false
344,194,2024-06-02 05:39:33,94445,false
345,373,2024-09-14 18:10:51,353812,false
346,581,2023-02-13 18:49:22,117288,false
347,7,2022-08-23 12:33:40,89656,false
348,291,2024-06-27 20:41:38,166432,true
349,578,2022-02-06 19:12:36,383176,false
350,51,2022-03-13 17:24:13,2015,false
351,469,2024-10-31 07:24:50,376893,false
352,183,2023-02-11 02:51:37,401047,true
353,259,2024-07-28 14:51:22,10968,true
354,251,2024-01-30 11:23:02,308510,true
355,227,2022-06-07 02:21:10,312661,false
356,95,2022-10-31 20:42:27,70083,true
357,304,2023-07-23 09:52:46,390875,false
358,416,2022-10-28 03:58:44,71338,false
359,149,2024-05-05 06:17:28,108636,true
360,145,2023-06-11 05:42:07,71794,true
361,1,2022-01-09 17:46:31,310788,false
362,414,2022-10-08 09:26:47,345238,false
363,196,2022-07-22 04:42:16,200892,true
364,537,2022-09-08 04:46:40,70842,true
365,219,2022-08-02 23:19:20,409316,true
366,495,2023-06-18 09:33:39,240388,false
367,130,2022-02-06 18:35:26,86057,false
368,585,2024-11-23 00:24:34,149085,true
369,338,2024-09-12 08:25:21,124050,false
370,403,2022-08-14 09:29:33,51282,false
371,272,2023-06-22 22:49:02,7168,true
372,435,2022-10-28 22:36:05,147600,false
373,82,2024-02-23 10:16:33,204281,false
374,238,2023-07-25 22:07:42,94364,false
375,147,2022-06-07 16:00:47,276147,false
376,527,2024-11-16 00:21:16,485696,true
377,540,2023-12-15 17:05:19,174121,false
378,52,2022-07-06 05:06:56,134025,false
379,464,2023-07-27 13:34:28,72831,true
380,498,2023-11-14 03:20:51,43600,true
381,233,2022-08-11 06:22:25,117050,true
382,205,2022-06-25 04:13:20,78413,false
383,354,2023-08-06 05:07:23,261732,false
384,553,2022-03-15 02:00:17,219681,true
385,567,2024-07-14 08:47:55,142617,true
386,429,2023-01-21 04:06:43,123013,true
387,280,2023-08-04 15:05:57,449721,true
388,584,2022-04-24 12:54:15,13328,true
389,576,2022-08-16 18:41:33,129255,true
390,515,2024-06-18 02:28:39,298517,false
391,89,2022-02-18 19:10:04,283512,true
392,393,2022-04-27 06:24:31,256712,false
393,286,2024-01-03 04:16:19,309738,false
394,455,2023-06-12 05:48:54,18976,true
395,207,2023-10-14 11:22:37,136100,true
396,100,2023-04-15 01:43:12,92350,false
397,329,2022-08-25 22:44:44,48317,true
398,209,2023-12-18 17:37:29,236813,false
399,167,2022-09-18 18:05:10,128209,false
400,10,2022-03-06 00:05:49,339424,true
401,281,2023-07-04 19:45:22,31518,true
402,371,2024-12-27 05:50:57,115515,true
403,37,2022-08-02 06:57:04,84176,true
404,371,2023-09-22 17:59:06,62830,true
405,345,2022-05-27 15:52:37,135189,false
406,332,2022-12-18 10:45:17,32316,true
407,450,2024-01-07 11:49:03,324988,false
408,473,2023-12-16 13:26:52,102022,false
409,482,2024-05-11 16:58:23,287726,false
410,370,2022-03-23 20:00:42,327976,false
411,296,2023-11-01 01:17:28,464592,false
412,369,2023-11-29 10:09:32,125064,true
413,272,2022-01-06 22:27:43,351163,false
414,594,2022-02-02 04:35:36,400991,false
415,511,2023-07-27 13:16:13,138988,false
416,476,2022-09-05 07:43:51,242859,false
417,438,2024-07-21 07:10:17,97910,false
418,504,2024-06-12 12:05:50,342901,false
419,216,2024-07-25 01:45:06,111534,false
420,373,2024-09-18 06:38:49,86180,true
421,46,2022-09-12 14:59:26,88494,true
422,226,2022-01-27 18:56:25,83794,true
423,370,2024-12-13 04:53:51,13684,true
424,1,2023-12-28 15:52:20,213234,false
425,464,2022-08-22 21:18:34,53900,true
426,113,2024-02-04 06:00:44,86209,false
427,31,2024-09-09 07:22:55,81606,true
428,132,2024-08-17 23:01:01,337033,false
429,76,2023-11-11 22:41:20,71217,false
430,499,2024-07-18 15:27:21,204708,true
431,462,2023-02-25 04:36:47,94861,false
432,452,2024-04-25 06:36:11,119527,false
433,524,2024-01-30 15:54:38,459643,false
434,213,2024-08-28 16:39:49,356229,true
435,171,2022-04-15 05:41:32,165304,false
436,429,2022-10-18 09:51:29,288492,false
437,235,2023-10-06 02:28:53,410911,false
438,588,2022-04-07 08:25:20,10400,true
439,502,2023-11-10 20:23:54,60740,false
440,109,2023-05-11 18:28:00,114298,true
441,321,2023-01-24 23:57:51,8608,true
442,201,2022-01-30 20:48:29,469317,true
443,269,2023-11-12 17:54:36,188397,false
444,283,2023-07-26 19:53:03,275748,true
445,66,2023-11-23 21:48:39,448571,true
446,233,2024-08-14 21:13:18,418581,false
447,170,2023-01-25 13:22:22,400641,false
448,573,2023-11-12 03:24:02,121128,false
449,341,2023-03-01 19:05:44,185297,false
450,461,2022-09-14 12:21:56,437337,false
451,137,2023-12-06 21:57:08,378568,false
452,414,2022-08-14 06:06:25,319972,false
453,180,2024-12-07 23:57:16,271959,false
454,333,2022-04-18 11:16:53,47950,false
455,107,2024-05-29 15:22:10,228804,false
456,396,2023-09-04 02:00:27,130030,false
457,122,2024-05-15 20:07:32,184584,true
458,572,2023-03-10 11:42:18,53088,false
459,421,2024-01-03 18:20:20,287536,true
460,599,2022-01-15 05:10:47,305236,true
461,508,2022-07-09 13:09:16,257204,false
462,224,2024-06-11 08:04:18,129130,false
463,410,2023-03-08 22:20:18,519881,false
464,340,2022-10-23 16:46:56,13358,true
465,407,2024-04-23 15:15:44,130809,false
466,391,2022-12-18 17:58:37,340412,false
467,259,2023-07-20 09:19:28,434607,true
468,297,2023-05-24 15:46:48,44457,true
469,51,2023-10-29 12:07:30,315182,false
470,304,2022-10-12 15:59:06,101972,true
471,505,2023-10-25 21:47:50,252507,false
472,417,2022-06-06 22:11:43,420085,true
473,474,2023-01-15 06:36:16,356420,false
474,86,2022-07-16 09:54:30,191608,false
475,579,2022-06-03 05:50:22,8340,true
476,214,2023-06-16 12:44:11,44900,true
477,115,2024-12-22 13:46:04,569743,false
478,96,2024-11-16 16:18:26,72402,true
479,321,2024-05-20 22:22:35,238862,true
480,449,2024-06-24 06:47:43,139799,true
481,316,2022-12-22 08:46:08,257148,true
482,16,2023-09-16 11:22:01,180619,true
483,117,2023-10-30 00:50:42,463620,false
484,492,2022-05-09 11:07:28,404535,false
485,93,2024-11-21 00:27:03,384755,false
486,327,2023-04-10 20:57:12,328390,false
487,475,2022-03-30 08:47:27,600070,false
488,439,2022-05-03 06:22:40,515534,false
489,385,2024-03-09 06:09:52,425015,false
490,99,2024-10-13 03:06:27,197770,true
491,5,2023-04-12 10:56:09,181220,false
492,599,2024-12-15 22:13:04,17234,true
493,308,2024-10-01 19:13:22,276362,false
494,510,2024-07-19 03:00:58,106236,false
495,72,2023-08-14 02:32:12,335445,false
496,113,2024-11-13 01:32:08,544726,false
497,546,2024-09-30 21:00:13,239174,false
498,243,2023-09-30 01:11:46,115032,true
499,548,2024-12-11 11:51:10,257435,false
500,412,2022-12-24 03:51:00,150457,false
501,242,2022-06-08 11:21:24,217663,true
502,300,2023-05-26 05:44:35,482237,true
503,433,2024-05-29 04:56:04,145678,false
504,288,2024-03-16 19:47:01,122946,false
505,406,2024-06-17 21:56:53,175627,false
506,392,2024-05-08 04:16:17,63542,false
507,506,2024-04-18 06:29:59,139806,false
508,122,2023-04-07 10:50:33,445408,false
509,352,2024-08-03 18:48:13,45765,false
510,392,2022-05-30 07:27:08,123583,false
511,526,2024-03-05 17:06:49,436562,false
512,39,2024-05-28 03:31:42,424182,false
513,473,2024-06-22 12:44:05,12137,true
514,150,2024-08-30 17:51:43,334542,true
515,468,2023-06-13 18:58:02,250344,false
516,158,2022-09-14 06:25:14,62704,true
517,360,2022-01-02 02:58:17,112083,true
518,54,2024-08-26 19:37:54,217622,false
519,221,2024-10-12 22:00:49,226326,true
520,463,2023-07-08 07:32:08,176336,false
521,5,2022-04-12 05:52:22,156904,true
522,535,2022-12-06 00:58:43,236376,true
523,529,2023-06-26 19:17:53,182360,false
524,92,2022-03-02 15:14:04,131945,true
525,40,2024-04-20 07:28:53,142500,true
526,598,2023-11-16 19:25:49,107566,true
527,545,2022-09-13 10:21:02,298619,false
528,429,2024-12-23 14:00:27,208017,false
529,171,2023-03-19 21:55:20,243453,false
530,319,2022-07-13 00:57:31,336765,false
531,206,2022-04-19 16:34:12,109812,false
532,8,2024-11-21 00:38:36,186486,true
533,443,2022-05-17 23:18:49,121817,false
534,334,2024-07-16 09:45:10,239448,false
535,483,2022-10-24 12:20:47,248355,false
536,88,2022-12-29 17:50:45,313636,false
537,368,2023-01-03 02:59:56,126688,false
538,545,2023-05-25 18:38:55,8256,true
539,368,2022-04-14 18:52:09,27113,true
540,315,2022-01-14 16:49:33,283862,true
541,288,2023-09-09 19:58:03,318963,false
542,312,2024-07-05 15:33:40,181551,true
543,381,2024-09-23 03:05:07,95318,false
544,92,2024-03-29 19:41:12,137490,true
545,379,2024-06-08 05:29:57,16293,true
546,354,2023-01-01 09:25:52,180589,false
547,453,2022-03-04 03:25:31,341878,false
548,33,2022-02-03 03:09:21,156761,false
549,92,2023-07-19 01:47:39,175637,false
550,396,2023-09-17 19:01:10,91492,true
551,574,2022-12-01 09:23:53,112534,true
552,9,2022-08-24 20:15:06,183295,true
553,594,2024-12-21 02:57:30,105521,true
554,211,2023-11-26 10:23:40,304957,false
555,82,2022-08-25 21:29:06,29400,false
556,31,2024-04-11 16:24:52,111122,true
557,451,2022-01-23 03:42:37,451953,true
558,532,2023-09-06 12:03:42,357780,false
559,477,2022-03-27 02:33:17,525725,false
560,308,2022-02-24 03:59:28,84933,false
561,50,2022-05-07 15:59:55,154572,false
562,199,2022-04-17 17:02:00,309113,false
563,513,2024-06-13 19:34:15,330235,false
564,274,2023-12-13 02:40:03,165331,true
565,130,2023-06-24 19:56:33,136179,false
566,297,2022-07-02 04:59:28,133552,false
567,438,2024-02-21 19:19:19,438614,false
568,24,2024-12-07 09:46:27,1371,false
569,277,2023-12-28 12:41:31,282544,false
570,488,2023-05-17 20:48:43,178388,false
571,166,2023-07-28 18:26:08,10137,true
572,29,2023-02-01 17:53:09,209826,false
573,141,2023-04-10 05:16:56,472832,false
574,27,2022-07-19 18:19:59,129765,false
575,264,2022-07-06 16:19:01,147815,false
576,362,2024-05-28 08:41:20,27812,true
577,73,2023-03-23 14:57:45,235119,false
578,474,2024-03-03 08:25:34,86853,false
579,479,2022-08-13 01:28:20,59394,true
580,341,2024-08-11 19:24:30,255450,false
581,241,2024-09-21 02:39:09,149652,false
582,52,2022-01-10 08:05:40,21662,false
583,588,2023-01-04 19:17:10,47154,false
584,289,2024-11-19 01:27:44,216612,false
585,442,2024-01-11 01:34:17,32461,true
586,41,2023-11-19 15:16:19,270376,false
587,533,2022-01-29 01:51:38,193794,false
588,124,2024-03-05 19:47:07,362406,true
589,394,2023-11-24 06:01:10,157552,false
590,164,2023-04-03 15:56:35,223126,false
591,326,2024-04-12 13:45:44,309,true
592,104,2024-05-24 03:05:58,248471,false
593,565,2022-06-10 01:17:53,213611,false
594,400,2022-01-01 22:28:06,265555,true
595,138,2023-04-22 05:41:42,354295,false
596,268,2022-04-02 21:03:17,224022,false
597,15,2023-12-09 05:59:14,510076,false
598,270,2024-08-07 11:12:10,285949,false
599,248,2024-01-08 21:12:45,357684,true
600,193,2022-03-20 16:47:49,140212,true
601,558,2024-12-09 10:31:33,390912,false
602,300,2022-12-10 12:13:51,433159,false
603,50,2022-05-22 09:10:18,180868,true
604,554,2022-12-28 09:22:24,321040,false
605,125,2023-08-15 20:44:23,279446,false
606,53,2024-03-09 02:09:17,294702,false
607,128,2024-02-03 14:38:23,7732,false
608,339,2022-10-13 14:36:44,647065,false
609,324,2022-05-19 15:09:31,303751,false
610,82,2022-06-19 12:09:01,322135,false
611,313,2024-11-04 03:05:16,310769,false
612,125,2022-02-05 21:53:24,80080,true
613,176,2023-07-27 16:01:50,182631,false
614,10,2023-02-24 08:15:46,344581,false
615,587,2024-11-11 07:22:06,321299,false
616,280,2023-10-22 22:22:42,55796,true
617,141,2023-04-13 12:12:38,236179,false
618,484,2022-07-26 08:09:36,245024,true
619,592,2024-11-03 11:41:24,246324,false
620,487,2024-08-24 18:02:41,277468,true
621,330,2022-12-09 18:57:48,201972,true
622,46,2022-05-19 19:40:34,61096,false
623,77,2022-05-29 00:08:31,103011,false
624,328,2023-04-30 08:28:11,167081,false
625,364,2024-09-21 04:11:21,255680,false
626,580,2023-07-31 22:33:34,383290,false
627,186,2024-08-30 12:16:48,269996,false
628,341,2024-11-03 05:24:39,344392,false
629,125,2022-03-04 00:23:55,464801,false
630,175,2022-09-24 03:21:25,130703,false
631,243,2022-12-18 02:05:17,159820,false
632,538,2023-01-16 01:50:00,34044,false
633,270,2023-08-11 11:56:13,243990,false
634,320,2022-01-11 18:15:15,163086,true
635,138,2024-11-23 17:06:03,79428,false
636,204,2023-08-12 14:36:36,93309,false
637,84,2023-02-21 11:51:39,135703,true
638,576,2024-04-22 05:17:52,164825,false
639,532,2024-01-20 03:34:01,20179,true
640,179,2022-01-07 01:57:48,219045,true
641,147,2023-11-03 15:59:13,267513,false
642,429,2024-09-28 20:37:59,255745,false
643,515,2022-10-06 20:36:40,106452,false
644,104,2022-09-12 02:34:49,8475,true
645,32,2023-07-07 21:00:43,181797,false
646,131,2022-11-26 13:57:37,278653,false
647,95,2023-05-23 04:36:38,331760,false
648,183,2023-01-06 07:02:30,44988,true
649,353,2023-10-31 18:58:11,339575,true
650,459,2023-11-10 20:51:35,96473,false
651,337,2024-02-02 01:43:40,176314,true
652,26,2022-10-29 11:48:05,133512,true
653,537,2022-11-27 07:49:47,306510,false
654,596,2024-11-27 19:33:28,331506,false
655,221,2023-08-06 07:43:26,208040,false
656,424,2024-02-10 00:28:44,608790,false
657,220,2022-01-05 23:56:05,135320,true
658,288,2022-10-17 01:33:17,169514,false
659,145,2022-05-25 00:46:29,261651,true
660,32,2024-10-24 02:14:47,260748,false
661,455,2022-05-04 18:58:29,143325,false
662,547,2024-05-15 23:46:26,537908,false
663,143,2024-11-12 11:03:35,186916,true
664,398,2023-02-21 19:17:26,252862,false
665,46,2022-04-19 08:04:11,367856,false
666,94,2024-03-18 21:04:13,168282,false
667,488,2022-04-26 10:19:04,48228,true
668,423,2023-01-28 06:18:24,11070,true
669,438,2022-05-07 09:34:14,199536,false
670,415,2022-07-27 11:03:38,144140,false
671,83,2022-08-25 22:02:45,463314,false
672,512,2022-06-03 10:53:52,86624,true
673,52,2022-06-19 07:05:11,96435,true
674,30,2024-07-20 17:57:53,30392,true
675,565,2022-09-14 11:09:03,206787,false
676,591,2024-09-17 16:23:39,72159,false
677,135,2022-12-25 06:03:52,96564,false
678,202,2023-05-28 02:42:06,205396,false
679,376,2022-03-31 16:51:39,200994,true
680,282,2024-08-31 15:26:24,340361,false
681,358,2022-09-26 08:15:41,131811,true
682,409,2023-08-05 21:08:58,508085,false
683,236,2022-07-16 23:38:22,66271,true
684,524,2023-12-08 13:00:12,55318,true
685,429,2022-02-12 20:39:18,339636,false
686,329,2022-12-26 06:30:03,276594,true
687,209,2022-01-12 13:08:27,529004,false
688,394,2024-03-02 19:44:45,124540,false
689,522,2023-11-22 02:29:19,89566,true
690,175,2023-07-04 05:17:26,210383,false
691,220,2022-02-21 21:24:10,351537,false
692,272,2022-08-13 00:27:54,32626,true
693,367,2024-07-28 11:41:51,377345,false
694,235,2023-07-23 16:14:47,87426,true
695,337,2024-09-09 20:31:25,73450,true
696,125,2022-02-13 16:45:29,11570,false
697,554,2022-12-03 09:43:34,78484,false
698,96,2023-02-28 01:34:09,207119,true
699,466,2023-05-07 13:40:16,192862,true
700,122,2022-05-29 20:46:37,149574,false
701,520,2023-07-01 07:56:23,210958,false
702,29,2024-11-10 17:21:56,102251,false
703,131,2023-01-03 11:42:05,185841,false
704,176,2024-11-01 02:08:48,170233,false
705,107,2024-10-20 05:12:04,118650,false
706,351,2023-07-20 05:54:13,265149,false
707,195,2023-02-20 21:25:35,103855,false
708,66,2022-12-01 12:13:21,25588,true
709,214,2024-01-23 15:38:37,60988,false
710,406,2022-02-23 13:26:10,351211,false
711,310,2024-01-22 07:53:38,32462,false
712,169,2022-11-23 04:32:06,159836,false
713,201,2024-09-27 03:23:33,419544,false
714,114,2022-02-13 09:38:18,438802,true
715,33,2024-07-06 02:36:24,173836,false
716,317,2024-03-11 20:16:27,189861,false
717,275,2022-01-27 22:21:58,128382,true
718,58,2024-01-21 21:51:22,208155,false
719,196,2022-05-24 02:12:46,68090,false
720,592,2024-09-15 11:00:39,162596,false
721,515,2022-04-07 19:31:35,192297,true
722,546,2023-08-22 05:55:57,119388,true
723,412,2023-09-17 12:43:00,20830,true
724,40,2024-08-02 10:52:42,223178,true
725,29,2022-07-12 23:52:09,99999,true
726,187,2023-03-14 16:55:12,400354,false
727,290,2024-03-19 14:59:47,330493,false
728,362,2024-03-18 23:32:11,174234,true
729,565,2022-06-13 23:41:35,249619,false
730,151,2023-12-15 06:59:35,139976,false
731,155,2023-03-08 15:18:56,404376,false
732,454,2024-01-31 19:41:47,140818,false
733,342,2024-11-02 02:37:58,293185,true
734,76,2022-08-31 00:32:35,135954,false
735,373,2023-12-04 06:21:04,135446,false
736,175,2023-07-16 22:37:06,97915,false
737,66,2023-12-02 05:34:32,564292,false
738,398,2023-01-20 08:12:27,440954,false
739,123,2023-09-04 17:37:14,46658,false
740,402,2024-03-16 16:48:37,337865,false
741,518,2023-11-18 17:55:55,119687,false
742,310,2022-01-22 08:39:37,173085,false
743,137,2024-10-28 07:42:31,479045,false
744,124,2024-11-12 20:45:15,340340,false
745,587,2023-12-02 17:56:12,23472,true
746,467,2023-07-26 10:21:26,243273,false
747,494,2022-11-02 19:52:14,63077,false
748,502,2023-06-18 14:01:28,41852,true
749,493,2022-06-12 12:06:21,117766,false
750,395,2024-11-01 20:29:24,196854,true
751,415,2024-03-10 02:48:23,323086,false
752,549,2022-04-07 09:57:48,16337,true
753,424,2022-11-12 03:26:45,582824,true
754,222,2024-03-26 22:50:09,254702,false
755,20,2024-11-17 20:32:03,181532,false
756,575,2024-07-29 16:51:00,172876,false
757,333,2022-09-24 03:58:45,405128,false
758,579,2023-12-20 13:56:28,469318,false
759,35,2023-01-01 20:50:30,476888,false
760,16,2022-02-26 16:53:51,179051,false
761,430,2024-06-20 21:05:58,185125,false
762,580,2023-09-05 07:05:29,30934,true
763,192,2022-07-22 03:35:40,342379,true
764,361,2024-05-21 19:36:29,7748,true
765,528,2022-01-30 06:03:09,142275,false
766,572,2023-09-11 00:10:14,61720,true
767,506,2022-11-11 03:14:25,268309,false
768,412,2023-10-26 16:41:33,351051,false
769,558,2023-11-10 18:48:55,204057,false
770,351,2023-12-16 01:30:40,1494,true
771,596,2024-08-04 21:49:44,263758,false
772,576,2022-11-10 23:41:08,415985,false
773,151,2023-08-03 04:38:02,144306,true
774,65,2024-12-30 23:16:45,268884,true
775,546,2023-11-11 01:55:57,200082,true
776,254,2022-02-25 06:41:20,172106,false
777,170,2022-08-30 15:52:48,218451,true
778,319,2024-06-24 14:05:02,101981,true
779,117,2022-11-05 02:03:03,208064,true
780,84,2023-04-13 11:48:51,60912,false
781,329,2024-07-13 16:54:31,113986,false
782,86,2023-04-05 13:38:48,263395,true
783,461,2022-07-26 08:14:23,140940,true
784,142,2024-11-12 14:39:23,331477,false
785,383,2023-08-16 01:03:01,263337,false
786,10,2024-02-29 14:40:23,34142,true
787,454,2022-09-05 23:28:04,212753,true
788,95,2024-11-18 17:20:03,150564,false
789,145,2023-06-04 18:31:40,388242,false
790,17,2024-04-24 08:38:49,284698,false
791,321,2024-09-13 22:41:00,40926,false
792,76,2022-08-25 19:23:17,234392,true
793,240,2024-10-09 09:20:42,340927,false
794,112,2022-04-20 12:19:48,293584,false
795,328,2023-01-29 20:26:28,436242,false
796,20,2023-05-20 16:05:16,28560,true
797,163,2024-07-21 11:43:43,194615,false
798,412,2024-04-30 18:58:03,71983,true
799,156,2024-11-15 18:59:20,13272,true
800,78,2023-10-03 18:19:08,21479,false
801,381,2022-03-14 19:34:29,199386,false
802,222,2024-02-22 19:42:36,94721,true
803,73,2024-03-04 21:32:20,48465,false
804,595,2024-05-07 17:07:48,197838,false
805,531,2023-12-26 03:55:41,170340,false
806,510,2022-06-29 20:48:21,144729,false
807,566,2023-01-05 08:13:18,207394,true
808,307,2022-01-10 14:21:47,103080,true
809,23,2023-06-02 21:00:14,97852,false
810,464,2023-09-26 03:16:14,353049,false
811,27,2022-07-12 13:03:03,70108,false
812,269,2023-03-12 23:28:01,381549,false
813,114,2024-11-01 19:19:15,427420,false
814,120,2022-10-09 02:26:07,270392,false
815,580,2023-11-16 07:24:22,426992,true
816,323,2023-11-03 16:27:59,208914,false
817,261,2024-06-27 13:11:05,105679,true
818,311,2023-10-01 01:40:39,346706,false
819,21,2022-10-21 00:04:24,73540,false
820,134,2024-07-11 17:56:49,466783,true
821,193,2024-03-20 05:07:14,537730,true
822,380,2023-10-21 17:58:45,807,false
823,469,2024-01-13 00:56:22,341669,false
824,341,2024-05-14 05:09:28,226688,false
825,494,2023-04-13 18:51:54,524736,false
826,519,2022-06-25 06:05:23,269532,false
827,324,2022-03-14 13:59:26,293337,false
828,272,2023-03-08 10:49:40,162824,false
829,5,2023-06-04 17:08:09,197006,true
830,454,2022-07-31 19:59:27,83750,true
831,515,2024-12-23 04:33:48,211074,false
832,460,2022-01-16 06:23:53,400311,false
833,489,2023-06-27 09:42:56,437485,false
834,25,2024-03-14 01:17:59,323054,false
835,531,2022-07-10 09:59:01,273164,false
836,207,2022-12-29 00:41:58,388874,false
837,32,2022-01-22 14:53:07,287241,false
838,37,2022-03-27 10:08:36,178012,true
839,515,2022-06-27 10:27:41,236792,false
840,340,2022-11-24 11:23:15,514958,false
841,322,2022-05-09 05:48:24,172348,false
842,485,2023-09-15 05:51:10,263126,true
843,245,2024-11-19 18:00:15,49758,true
844,354,2022-11-15 06:04:43,156292,true
845,377,2022-08-25 23:10:35,86711,false
846,376,2023-03-08 11:38:15,470147,false
847,431,2023-01-28 08:46:33,471749,false
848,32,2024-04-30 08:38:29,69105,true
849,92,2022-02-07 22:38:59,33457,true
850,581,2022-11-19 02:23:47,391669,false
851,108,2023-02-10 01:55:02,201259,false
852,562,2022-05-29 14:03:21,340939,false
853,557,2024-09-09 00:15:37,354307,false
854,130,2024-05-12 09:35:27,117765,true
855,113,2024-06-07 03:02:46,457298,false
856,583,2023-12-06 17:17:48,234075,true
857,579,2023-07-30 09:46:28,452928,true
858,489,2022-01-15 19:57:52,456749,true
859,396,2022-11-20 22:02:17,230254,true
860,120,2023-02-25 12:40:40,412789,false
861,203,2023-08-04 12:44:53,41582,false
862,589,2023-01-18 21:42:30,164442,true
863,97,2023-11-02 00:20:46,517395,false
864,594,2024-10-29 22:19:04,85490,true
865,53,2022-08-02 20:00:07,154559,true
866,552,2022-08-10 04:35:59,184923,true
867,203,2024-05-24 09:35:56,171966,false
868,506,2023-04-06 01:33:15,34680,false
869,265,2024-02-03 16:58:06,72444,false
870,126,2022-02-08 09:21:14,170448,true
871,103,2022-05-30 19:24:16,89406,false
872,599,2024-09-07 06:04:31,206790,false
873,164,2022-03-15 13:16:09,138987,false
874,563,2022-10-19 18:01:06,239817,false
875,327,2024-07-14 10:34:54,56318,false
876,97,2023-11-21 02:29:06,93154,false
877,354,2023-01-26 16:23:46,188907,true
878,126,2024-05-26 09:45:11,256118,false
879,59,2022-12-20 11:13:31,139918,false
880,406,2023-11-23 21:53:42,175610,true
881,358,2022-05-12 07:05:42,157037,false
882,405,2022-10-13 03:33:07,263472,true
883,96,2024-05-25 03:41:54,105107,true
884,424,2022-04-14 04:05:15,134352,true
885,356,2023-06-14 11:59:25,65204,true
886,576,2022-09-05 16:05:25,285193,false
887,2,2023-01-26 23:35:18,200554,false
888,447,2023-12-29 06:34:40,158604,false
889,404,2024-02-19 08:55:52,78731,false
890,189,2022-07-28 19:24:03,356157,false
891,256,2023-06-16 03:58:08,473392,false
892,75,2023-03-27 16:24:20,36480,false
893,490,2022-02-22 00:00:51,71946,true
894,354,2024-08-24 13:16:31,282125,true
895,115,2024-05-21 00:35:26,139022,false
896,504,2023-04-29 20:29:56,129726,false
897,425,2024-09-16 08:48:33,53597,true
898,549,2024-04-08 07:48:01,249477,false
899,319,2024-04-02 09:20:52,58221,true
900,108,2022-03-25 12:40:15,31443,false
901,318,2022-03-21 20:06:11,267424,false
902,563,2024-11-14 23:07:49,455621,false
903,111,2023-10-08 23:10:00,384558,false
904,69,2023-03-04 20:29:39,287419,true
905,245,2024-05-30 22:46:18,267450,false
906,583,2024-01-02 10:13:57,309809,false
907,475,2022-12-03 14:00:57,85257,false
908,448,2023-11-16 17:11:27,525988,false
909,500,2024-12-15 10:29:01,1191,false
910,354,2024-03-24 08:24:58,193017,false
911,14,2024-10-23 20:53:51,170354,false
912,441,2022-05-06 04:00:08,196376,true
913,452,2022-12-13 14:00:54,3328,true
914,346,2022-12-23 23:03:28,123584,true
915,136,2024-12-07 01:41:58,83838,true
916,385,2024-02-07 19:38:45,279854,false
917,511,2022-12-07 01:48:49,232585,false
918,295,2022-12-13 17:07:08,172066,false
919,300,2022-03-11 19:39:37,327661,false
920,24,2023-10-30 06:11:30,111323,false
921,562,2023-08-27 07:27:48,8548,true
922,501,2024-12-08 15:08:55,344395,false
923,521,2023-08-14 09:24:00,207570,true
924,190,2023-10-28 12:21:43,124098,false
925,292,2024-07-23 19:47:20,255482,false
926,448,2022-05-14 13:33:22,72896,true
927,180,2023-10-22 21:02:37,20846,true
928,528,2024-12-19 11:25:16,407895,false
929,33,2022-10-31 13:10:50,201919,false
930,419,2022-02-15 14:25:21,140804,false
931,176,2024-06-06 17:27:53,279018,false
932,575,2024-06-21 01:40:22,182784,true
933,105,2023-11-27 00:53:03,140380,false
934,436,2023-06-09 07:34:05,163366,true
935,122,2024-12-13 10:02:06,142243,false
936,181,2022-03-13 14:23:44,62556,true
937,600,2022-12-07 14:48:00,133303,false
938,446,2024-11-10 03:49:20,16952,false
939,433,2023-02-18 04:40:51,194518,false
940,588,2023-08-27 11:53:31,57419,false
941,178,2023-02-04 08:31:07,52401,false
942,227,2022-03-25 00:59:58,334027,false
943,239,2023-06-01 19:26:16,191012,false
944,77,2023-11-18 10:24:33,448517,false
945,464,2022-05-17 03:58:26,95944,false
946,455,2022-01-24 15:10:00,22845,false
947,372,2023-07-28 03:48:07,458506,false
948,359,2023-12-18 14:39:16,298560,false
949,388,2022-05-12 01:26:52,195076,true
950,14,2023-07-03 16:42:45,307077,false
951,249,2023-11-18 16:58:18,24098,true
952,541,2022-10-14 10:08:42,67086,true
953,99,2023-02-11 09:59:05,282342,false
954,152,2023-02-09 06:47:38,6939,true
955,25,2023-03-25 03:24:56,358710,false
956,547,2023-10-06 09:55:46,132141,false
957,357,2024-06-06 07:30:21,11472,false
958,548,2022-12-15 13:58:46,62728,true
959,11,2023-01-28 23:36:18,35465,true
960,489,2023-09-30 11:54:12,212120,true
961,10,2023-06-03 02:52:54,8170,true
962,87,2023-01-12 04:37:00,227664,true
963,208,2024-11-26 15:09:57,179742,true
964,450,2022-06-19 10:37:56,311911,false
965,594,2023-07-06 04:49:49,87629,false
966,509,2022-02-20 10:24:53,36579,false
967,424,2024-12-22 10:36:02,327118,true
968,240,2022-12-10 18:02:43,98138,false
969,142,2022-09-26 12:25:50,136310,false
970,569,2023-06-29 02:12:40,122636,true
971,118,2022-01-27 02:13:47,399404,false
972,342,2023-09-19 01:59:02,6884,false
973,421,2024-06-14 00:49:33,435865,false
974,98,2023-10-26 15:31:50,221459,true
975,427,2024-01-10 03:35:36,271369,false
976,554,2022-12-10 18:55:37,247126,false
977,21,2024-10-17 10:06:58,298724,true
978,557,2023-03-20 17:12:15,152556,false
979,377,2022-11-24 04:27:29,99050,false
980,105,2023-07-31 10:42:12,12196,true
981,5,2024-02-03 03:33:16,335,false
982,377,2022-01-19 11:38:52,238176,true
983,542,2022-03-14 21:38:24,41034,false
984,48,2024-05-16 06:49:49,201632,false
985,132,2024-07-10 10:19:28,133043,false
986,356,2023-06-28 13:39:37,479175,false
987,399,2022-07-01 17:23:07,334418,false
988,289,2024-12-06 14:27:31,170352,true
989,223,2023-04-05 17:47:11,420867,true
990,139,2024-05-20 13:43:41,212451,false
991,409,2024-10-07 05:22:57,227068,true
992,31,2022-01-16 13:20:04,331478,true
993,183,2024-12-24 06:23:29,218634,false
994,534,2022-12-09 13:54:33,237369,false
995,339,2023-06-11 04:42:50,58348,false
996,342,2024-10-16 00:05:30,412327,false
997,581,2024-01-10 17:23:44,245966,false
998,123,2024-09-06 20:07:11,201888,true
999,12,2022-12-16 07:39:43,219298,true
1000,345,2023-11-28 02:59:23,38835,false
1001,394,2024-09-23 09:28:30,55696,true
1002,499,2023-10-12 15:29:09,306619,false
1003,222,2023-09-27 23:59:41,152004,true
1004,439,2024-08-28 05:00:28,5852,true
1005,107,2024-07-27 22:36:33,316772,false
1006,262,2022-03-10 19:11:51,158861,true
1007,150,2022-09-09 21:11:31,250596,false
1008,161,2023-09-11 20:24:39,225422,false
1009,25,2024-02-19 11:14:16,131115,false
1010,451,2024-02-23 13:45:52,226292,false
1011,44,2022-02-28 07:38:07,394943,false
1012,197,2024-08-03 08:07:11,367950,true
1013,197,2023-08-24 01:04:01,534417,false
1014,589,2022-11-10 13:38:41,443415,true
1015,534,2023-06-11 01:18:26,138948,true
1016,483,2023-08-21 06:32:30,257827,false
1017,218,2023-10-23 06:19:56,355119,false
1018,595,2024-06-21 09:42:44,111457,true
1019,259,2022-12-26 22:51:18,37852,true
1020,481,2023-11-27 08:39:28,611813,false
1021,317,2023-11-15 00:29:09,188735,false
1022,136,2022-12-19 16:37:51,207140,false
1023,167,2023-07-25 08:16:43,413852,false
1024,557,2024-11-09 07:41:06,199201,true
1025,453,2024-01-07 16:44:47,80313,true
1026,508,2022-09-26 14:16:19,351957,false
1027,544,2024-01-31 21:39:19,250572,false
1028,129,2022-10-15 05:52:42,200056,true
1029,492,2022-02-04 02:48:41,268276,false
1030,170,2023-05-17 05:47:57,282464,true
1031,236,2023-02-21 22:22:52,195685,false
1032,577,2022-11-08 07:00:51,43190,true
1033,327,2024-05-27 07:13:19,127886,true
1034,100,2023-02-05 05:18:34,125262,true
1035,248,2023-06-19 06:16:22,320076,false
1036,556,2022-05-02 22:23:54,378692,false
1037,59,2024-09-12 06:49:53,229710,false
1038,255,2022-02-16 18:56:09,120234,false
1039,82,2023-04-14 20:02:20,95448,false
1040,264,2023-06-22 10:19:34,229650,true
1041,28,2023-07-06 23:46:27,110572,true
1042,499,2023-04-27 15:32:00,267222,false
1043,215,2023-05-12 01:17:06,185010,true
1044,61,2023-11-29 13:37:55,12951,true
1045,137,2024-07-11 12:23:33,75974,false
1046,398,2023-12-20 06:01:41,34224,true
1047,99,2024-02-26 13:54:00,305160,false
1048,83,2023-02-20 00:01:48,65345,true
1049,36,2023-03-24 14:44:38,260585,false
1050,350,2022-03-28 11:29:41,486012,true
1051,410,2022-04-09 22:47:45,308334,false
1052,129,2023-10-27 03:24:30,118878,true
1053,217,2024-10-24 17:09:11,271784,false
1054,28,2023-06-19 08:40:28,141806,true
1055,236,2022-06-09 23:10:58,99554,true
1056,589,2024-02-18 21:52:39,145567,true
1057,183,2023-01-25 15:24:16,57593,true
1058,463,2023-03-08 04:38:14,236777,false
1059,479,2024-02-26 03:20:51,152820,true
1060,144,2022-01-27 03:47:16,188873,false
1061,196,2022-09-28 02:06:55,159354,true
1062,568,2023-04-28 00:54:21,42005,true
1063,194,2024-03-13 03:53:30,275262,false
1064,272,2022-03-20 23:02:20,9946,true
1065,56,2023-02-17 12:27:29,222899,false
1066,430,2024-06-07 08:02:42,58783,false
1067,333,2023-04-13 09:08:33,152816,true
1068,364,2024-02-19 04:04:14,198382,false
1069,227,2022-08-04 00:59:20,85317,true
1070,129,2022-05-12 17:19:31,130647,true
1071,14,2022-03-01 05:19:36,313799,false
1072,507,2023-08-25 11:21:53,144361,true
1073,118,2022-07-16 04:28:15,14106,false
1074,165,2022-03-12 20:27:42,455677,false
1075,161,2024-01-31 14:42:21,99950,false
1076,99,2024-03-18 12:23:56,208642,true
1077,499,2024-06-29 19:36:09,279763,true
1078,279,2024-11-21 07:07:09,210956,false
1079,92,2022-12-30 06:56:48,84646,true
1080,204,2023-10-18 18:23:58,157496,true
1081,118,2023-03-07 08:16:31,219630,true
1082,492,2023-12-15 07:34:14,144415,true
1083,120,2022-08-14 19:48:03,199346,false
1084,178,2024-05-11 17:47:45,290784,false
1085,391,2024-08-25 21:13:08,160408,false
1086,75,2023-05-14 03:44:50,93798,true
1087,392,2023-07-15 13:05:09,120625,false
1088,417,2022-08-04 01:10:56,369114,false
1089,81,2022-07-11 12:40:36,453976,false
1090,361,2024-09-13 12:18:41,214170,true
1091,373,2024-06-11 00:13:33,479920,false
1092,486,2022-12-23 01:48:07,237825,true
1093,15,2022-03-18 22:42:40,252617,false
1094,281,2022-09-01 06:17:09,307751,false
1095,513,2022-11-03 20:19:08,181947,false
1096,119,2022-06-11 13:06:04,166402,false
1097,76,2022-07-29 02:12:34,211333,false
1098,26,2022-11-28 20:41:44,197342,false
1099,115,2023-02-04 16:31:53,13670,true
1100,403,2023-03-10 22:30:59,122491,false
1101,278,2023-03-17 07:18:17,260626,false
1102,279,2022-11-17 20:47:33,364178,false
1103,226,2023-08-01 13:17:09,53736,false
1104,552,2024-12-09 13:45:17,209753,false
1105,210,2022-04-17 05:44:35,249898,false
1106,589,2024-06-14 14:41:35,249752,false
1107,225,2023-07-13 20:03:14,64472,true
1108,157,2024-01-22 10:08:14,308794,false
1109,86,2022-05-11 23:58:57,23963,false
1110,564,2024-07-01 10:29:30,327695,true
1111,378,2023-06-12 20:25:47,155784,false
1112,118,2024-08-04 01:47:45,41521,false
1113,135,2023-07-17 20:46:12,277755,false
1114,327,2024-06-26 16:59:02,48141,true
1115,326,2022-11-10 13:16:28,274738,false
1116,509,2024-10-20 01:53:32,117387,false
1117,583,2024-07-19 21:13:53,101698,false
1118,119,2023-10-26 13:56:39,155071,false
1119,597,2023-10-05 20:50:51,241871,false
1120,217,2024-05-13 00:46:54,284299,false
1121,578,2022-03-10 01:27:03,226830,true
1122,267,2023-07-19 19:58:12,59656,true
1123,352,2024-01-11 07:38:26,586368,false
1124,373,2023-03-08 02:50:36,377989,false
1125,397,2022-11-20 16:31:24,216734,false
1126,149,2024-11-20 01:01:48,214897,false
1127,90,2023-09-20 06:47:23,306634,true
1128,303,2023-05-30 11:30:42,87515,false
1129,303,2022-12-06 09:51:20,173160,true
1130,147,2022-06-10 16:19:06,589518,false
1131,417,2024-05-26 21:40:18,54431,true
1132,433,2022-09-19 15:15:15,192461,false
1133,503,2022-05-15 22:10:45,165055,false
1134,207,2023-03-06 23:09:57,44774,false
1135,500,2022-12-07 12:42:03,28841,true
1136,383,2022-06-23 12:04:42,270042,false
1137,400,2024-07-31 15:01:25,265860,false
1138,118,2023-09-30 21:22:40,339834,false
1139,72,2023-05-14 03:31:07,7125,true
1140,316,2023-04-04 03:16:19,451514,false
1141,394,2022-10-22 23:28:05,228332,false
1142,228,2023-11-11 16:29:44,150699,false
1143,163,2024-11-27 01:36:46,69442,false
1144,343,2022-09-20 09:08:31,421148,true
1145,424,2023-04-25 10:12:18,90358,true
1146,186,2024-06-13 05:38:20,184703,false
1147,318,2023-08-30 18:04:39,65510,true
1148,557,2022-09-03 13:47:29,80487,true
1149,321,2024-03-30 05:21:43,175226,false
1150,192,2022-02-11 21:31:53,292400,false
1151,231,2024-02-08 16:10:02,230987,false
1152,489,2022-06-08 01:16:42,61110,true
1153,489,2023-01-20 16:42:29,60970,true
1154,466,2023-10-28 13:57:08,583693,false
1155,114,2023-05-19 17:24:18,195783,false
1156,477,2023-04-27 22:51:05,16977,true
1157,262,2023-09-06 09:29:14,158889,true
1158,162,2022-07-31 08:52:45,395917,false
1159,27,2023-07-30 17:41:58,449782,false
1160,438,2023-07-16 14:51:49,68922,false
1161,169,2022-06-24 05:30:28,71774,false
1162,355,2022-09-30 00:20:19,188183,true
1163,219,2023-03-19 00:03:58,732753,false
1164,127,2024-10-06 07:53:44,538163,false
1165,480,2023-09-24 21:46:11,151912,false
1166,243,2022-01-24 12:58:30,27665,true
1167,418,2023-04-07 10:27:28,98343,true
1168,582,2024-04-21 11:34:09,224940,true
1169,265,2022-02-04 14:24:50,383119,false
1170,203,2023-11-29 05:10:54,383348,true
1171,467,2024-05-03 00:39:16,377860,false
1172,503,2022-03-12 15:30:36,160998,true
1173,276,2023-10-22 22:06:54,85338,true
1174,198,2024-02-20 13:55:17,38016,true
1175,549,2022-03-18 17:13:15,539701,false
1176,547,2022-05-30 07:07:15,170706,false
1177,445,2023-02-20 10:24:47,90480,false
1178,561,2022-04-28 11:06:21,263414,false
1179,28,2024-10-04 00:23:29,212998,false
1180,559,2022-06-04 09:22:24,291480,false
1181,425,2024-03-18 12:50:37,454464,false
1182,299,2022-04-21 04:23:50,35678,true
1183,428,2023-11-01 08:14:18,195633,false
1184,536,2024-01-16 15:57:22,203385,false
1185,200,2023-03-07 04:51:56,53349,true
1186,266,2024-07-20 00:36:03,49608,true
1187,375,2023-07-19 12:45:29,37450,false
1188,50,2023-04-11 20:48:32,144328,true
1189,325,2022-03-17 20:06:16,419380,false
1190,529,2022-09-04 23:03:43,115136,true
1191,300,2022-01-07 01:50:52,80090,true
1192,398,2023-02-08 20:42:08,314544,false
1193,444,2023-12-24 16:17:46,486528,false
1194,307,2024-11-02 02:41:35,577852,false
1195,487,2023-11-30 23:52:31,210553,true
1196,242,2024-07-04 18:10:23,61486,false
1197,231,2023-01-04 11:35:47,148898,false
1198,47,2023-01-11 15:26:27,186489,true
1199,248,2023-09-30 06:49:34,304884,false
1200,149,2023-01-15 11:10:47,381110,true
1201,328,2023-12-24 05:38:27,224716,false
1202,278,2023-09-30 06:48:02,409670,false
1203,28,2023-06-26 00:02:47,366691,false
1204,551,2024-04-13 21:40:52,182008,false
1205,132,2024-03-22 15:46:07,418985,false
1206,93,2024-06-14 20:12:57,46054,true
1207,504,2023-11-29 09:15:37,199976,true
1208,91,2022-04-19 17:04:41,320464,true
1209,45,2022-05-18 18:46:38,20970,true
1210,109,2023-01-30 20:34:10,18351,false
1211,76,2023-04-03 03:29:12,100669,true
1212,368,2023-09-02 13:56:45,281033,false
1213,210,2022-09-02 16:22:25,116829,true
1214,191,2024-09-25 21:22:14,447505,true
1215,282,2023-06-18 00:46:59,93773,true
1216,316,2024-06-17 13:18:00,310617,false
1217,32,2024-02-01 11:06:21,462410,false
1218,488,2022-07-28 15:19:27,214269,true
1219,273,2022-06-03 21:42:08,307484,true
1220,109,2023-10-28 07:32:26,253651,true
1221,18,2023-06-12 06:59:02,211724,false
1222,8,2022-03-31 19:49:04,310244,true
1223,482,2022-06-11 06:24:04,187035,false
1224,302,2024-08-26 12:19:27,40564,false
1225,559,2024-02-13 02:26:59,129243,false
1226,105,2024-05-28 12:29:26,145428,true
1227,95,2024-09-13 22:12:46,129997,false
1228,288,2022-07-24 12:09:03,234884,true
1229,373,2023-11-08 09:22:37,179628,true
1230,111,2022-03-16 13:30:24,39935,false
1231,489,2022-09-27 00:22:05,289626,false
1232,340,2023-01-16 11:11:01,335494,false
1233,392,2024-08-23 01:37:00,153285,false
1234,466,2022-03-25 05:08:30,52308,true
1235,68,2024-11-12 01:53:27,151180,false
1236,383,2023-05-27 07:18:13,200257,false
1237,138,2023-03-02 01:29:13,242128,true
1238,264,2022-05-17 09:39:21,64975,false
1239,500,2022-01-09 22:50:31,167146,false
1240,502,2024-10-23 14:51:11,141375,false
1241,189,2022-02-12 18:00:53,404742,false
1242,270,2023-05-25 02:10:44,127626,true
1243,532,2024-04-21 23:48:40,233145,true
1244,571,2022-05-19 05:36:09,542462,false
1245,600,2024-11-30 13:42:57,85598,true
1246,532,2022-09-25 16:11:55,194871,true
1247,413,2022-03-05 22:14:55,143099,true
1248,252,2024-05-02 07:47:46,954,true
1249,207,2024-12-13 12:55:58,250090,false
1250,543,2022-05-18 21:15:07,167808,false
1251,171,2024-08-23 07:28:56,409420,true
1252,377,2024-09-14 22:11:44,241076,false
1253,6,2024-12-29 09:33:16,272750,false
1254,232,2022-08-21 20:08:08,234477,false
1255,30,2022-06-30 22:49:07,295320,false
1256,423,2022-08-08 02:12:48,331338,false
1257,536,2024-12-19 20:19:10,280292,true
1258,443,2022-07-22 11:01:50,379141,false
1259,570,2023-12-25 04:28:34,438249,false
1260,157,2022-08-13 04:12:52,157461,true
1261,17,2022-07-12 07:32:25,58650,true
1262,507,2023-12-31 17:19:05,229612,false
1263,56,2022-12-10 23:22:57,139304,true
1264,488,2022-10-15 22:50:04,211773,false
1265,351,2022-10-04 08:43:59,77400,true
1266,549,2024-02-08 16:48:45,117808,false
1267,158,2022-07-25 06:23:58,403072,true
1268,312,2022-11-17 04:35:13,199029,false
1269,323,2023-09-07 10:49:47,347496,false
1270,229,2023-07-01 09:41:02,103116,false
1271,36,2023-11-01 19:16:25,154920,false
1272,362,2024-08-26 06:22:27,107888,false
1273,524,2024-08-23 00:09:40,166032,true
1274,272,2022-10-17 09:38:48,170028,true
1275,130,2022-11-07 10:08:23,185090,true
1276,211,2023-02-05 08:46:57,295074,false
1277,291,2022-01-02 01:18:42,300863,false
1278,542,2024-06-05 10:40:45,332393,true
1279,164,2024-07-12 09:43:02,105714,false
1280,247,2022-05-09 17:53:04,279833,false
1281,377,2023-08-12 15:46:59,53070,true
1282,279,2023-04-26 12:44:03,104511,true
1283,232,2024-02-21 13:00:21,27309,true
1284,276,2023-04-07 16:54:15,297967,true
1285,522,2024-01-25 08:50:39,356504,false
1286,317,2022-11-17 13:15:35,149818,false
1287,469,2022-02-17 20:54:53,136917,false
1288,467,2022-04-02 12:24:59,165817,true
1289,169,2023-01-16 22:49:30,273168,false
1290,385,2023-07-05 20:08:58,15579,false
1291,171,2022-08-06 03:04:44,307400,false
1292,50,2022-08-21 03:02:03,171215,false
1293,150,2024-12-09 01:45:07,27418,false
1294,254,2022-02-10 12:05:59,99144,true
1295,515,2024-06-19 19:29:25,53834,false
1296,241,2022-03-14 10:42:51,416782,false
1297,140,2023-10-18 16:20:58,185038,false
1298,399,2023-02-04 00:54:43,126760,false
1299,383,2024-07-07 16:57:39,153507,false
1300,223,2024-07-20 22:36:22,111636,false
1301,214,2023-12-10 10:57:37,251412,false
1302,128,2022-03-01 05:55:27,197149,true
1303,248,2023-01-25 07:44:01,463396,false
1304,313,2024-02-05 18:42:12,163136,true
1305,459,2023-02-04 12:11:22,109316,false
1306,553,2024-11-01 12:01:03,196960,true
1307,447,2023-03-11 16:51:22,383340,false
1308,10,2023-06-28 23:16:22,263057,false
1309,259,2024-12-06 13:31:28,218775,false
1310,131,2022-04-19 04:36:32,100506,true
1311,417,2022-11-17 03:43:35,315495,false
1312,95,2024-05-22 20:36:43,382311,false
1313,514,2023-04-08 05:09:17,153562,false
1314,162,2022-12-09 18:06:05,324912,true
1315,507,2023-11-18 09:32:37,55764,false
1316,278,2024-12-30 01:53:17,176513,false
1317,449,2023-10-22 05:01:37,528526,true
1318,177,2022-04-17 17:12:30,117773,true
1319,443,2024-11-24 21:44:18,440975,false
1320,197,2024-08-27 03:22:45,203796,false
1321,290,2022-02-26 14:36:42,113279,false
1322,298,2022-09-01 14:28:28,347378,true
1323,247,2024-11-14 11:29:14,250470,false
1324,413,2023-10-07 02:57:43,35841,false
1325,82,2022-08-26 03:51:21,181582,false
1326,1,2023-06-15 06:07:35,155736,false
1327,281,2023-12-22 13:29:22,113346,false
1328,171,2024-03-12 21:11:04,105179,false
1329,445,2022-12-09 15:02:40,367973,false
1330,270,2022-10-20 14:20:50,343489,false
1331,41,2024-02-21 21:05:16,117325,false
1332,335,2022-02-18 20:06:12,102498,false
1333,3,2024-11-19 19:02:35,51725,true
1334,387,2023-09-26 01:34:21,222740,false
1335,97,2023-05-31 09:43:25,380498,false
1336,259,2022-12-25 08:30:06,276931,true
1337,237,2023-07-02 02:36:31,393153,true
1338,415,2023-12-25 16:00:01,420214,true
1339,176,2022-01-29 05:59:55,421543,false
1340,352,2022-03-18 16:04:36,190428,true
1341,585,2023-02-02 22:07:11,324204,true
1342,97,2023-05-14 19:20:13,41602,true
1343,538,2023-03-29 19:08:29,24339,true
1344,552,2024-01-22 08:25:22,201080,true
1345,97,2022-10-09 11:34:46,1570,true
1346,128,2022-05-30 16:37:40,382337,false
1347,583,2024-07-24 11:33:42,247407,false
1348,200,2024-01-22 20:26:24,252138,false
1349,101,2022-03-08 12:47:13,55943,false
1350,548,2022-10-14 00:57:22,177182,true
1351,370,2023-11-26 11:01:11,145274,true
1352,478,2024-06-01 21:43:58,54738,true
1353,199,2023-05-22 06:17:49,187140,true
1354,125,2024-04-07 16:48:05,264011,false
1355,166,2023-10-22 05:32:09,218235,false
1356,495,2024-03-18 23:12:44,20764,true
1357,462,2024-08-19 03:06:44,8688,false
1358,204,2023-04-07 19:51:23,144467,false
1359,293,2022-11-14 00:22:27,36783,true
1360,129,2022-08-12 00:31:45,270537,true
1361,320,2024-11-04 03:53:39,47776,true
1362,130,2022-08-25 12:41:09,127928,true
1363,163,2022-11-04 05:52:09,261960,true
1364,214,2023-02-12 02:47:41,330908,false
1365,550,2023-11-24 03:36:11,262626,true
1366,413,2024-11-23 06:54:24,41699,true
1367,1,2022-01-30 17:39:02,246342,false
1368,272,2024-11-08 21:07:43,148144,true
1369,391,2024-02-14 15:52:01,12388,false
1370,47,2024-12-28 04:47:47,211002,false
1371,385,2024-06-22 13:42:26,74232,true
1372,318,2023-12-30 19:10:26,175554,false
1373,277,2023-02-08 01:00:35,247654,false
1374,517,2022-06-21 22:12:23,314541,false
1375,504,2024-08-24 05:06:02,171056,false
1376,123,2024-04-15 14:47:28,192103,false
1377,463,2022-12-26 20:42:51,420046,false
1378,546,2023-11-25 15:05:02,76709,false
1379,361,2023-06-12 12:47:12,360906,false
1380,260,2022-11-28 21:44:55,278985,false
1381,533,2024-05-06 13:46:27,67440,false
1382,202,2022-04-03 02:53:09,307546,true
1383,304,2024-12-17 11:44:31,261086,false
1384,16,2023-08-22 11:35:20,295788,false
1385,569,2023-08-15 05:36:36,32381,false
1386,441,2024-10-22 13:21:03,124620,true
1387,476,2023-11-17 12:27:33,363237,false
1388,499,2023-10-19 07:30:56,152712,false
1389,376,2024-04-22 14:09:29,33332,true
1390,472,2022-12-31 14:53:20,210999,true
1391,14,2023-12-05 09:07:19,500766,false
1392,581,2022-12-09 22:01:05,57352,true
1393,376,2024-02-21 08:22:23,87019,false
1394,13,2022-05-14 05:20:47,450800,false
1395,431,2024-09-23 03:34:50,64258,false
1396,512,2024-11-22 19:56:02,267772,true
1397,497,2022-05-28 01:27:44,48582,true
1398,343,2022-08-23 19:40:44,234872,true
1399,440,2022-10-01 05:56:02,143416,false
1400,473,2023-08-15 02:28:03,396749,false
1401,140,2023-11-11 20:10:52,324816,true
1402,543,2022-05-06 13:17:39,204600,false
1403,384,2023-06-04 14:08:38,83232,false
1404,2,2024-12-13 21:43:09,178136,true
1405,171,2023-10-16 08:29:48,451641,false
1406,9,2022-06-27 04:57:08,122879,true
1407,219,2023-11-01 22:14:54,168782,true
1408,447,2024-08-03 22:47:36,274164,true
1409,557,2023-12-06 09:39:27,47841,false
1410,351,2024-04-11 10:34:39,162429,true
1411,314,2023-03-08 23:00:58,109795,true
1412,226,2023-06-06 17:21:54,262552,false
1413,75,2022-03-03 06:04:16,227815,false
1414,359,2022-03-16 10:13:50,328595,true
1415,220,2023-09-16 17:47:06,167632,true
1416,335,2023-08-28 06:12:04,158927,false
1417,23,2024-01-07 23:40:27,240127,false
1418,529,2022-11-22 14:44:11,181733,true
1419,448,2024-04-02 11:52:10,683550,false
1420,357,2023-11-16 02:14:33,93677,true
1421,587,2022-04-27 07:49:00,41222,false
1422,517,2024-07-25 07:52:03,91888,false
1423,294,2024-04-06 10:08:13,334087,true
1424,161,2023-02-04 11:05:02,65678,true
1425,343,2023-11-19 23:56:41,59124,false
1426,137,2023-05-03 08:55:40,34350,false
1427,150,2022-03-24 20:49:19,342597,false
1428,414,2023-10-07 21:05:39,303096,false
1429,264,2024-09-23 23:09:46,125140,false
1430,494,2023-02-18 05:21:58,25540,true
1431,182,2024-10-05 23:51:01,165355,false
1432,337,2024-05-11 01:36:37,122932,false
1433,539,2024-06-01 18:08:50,43654,true
1434,53,2022-11-26 10:48:30,78125,true
1435,213,2022-08-08 00:48:58,250188,false
1436,575,2023-03-24 00:23:55,53910,false
1437,260,2024-08-28 18:52:51,94049,true
1438,32,2024-02-27 15:34:00,201326,true
1439,380,2022-10-31 12:39:02,324140,true
1440,113,2023-01-24 02:25:08,431172,false
1441,136,2022-02-02 17:43:07,24002,false
1442,61,2023-04-25 10:31:27,220476,false
1443,371,2024-08-22 03:36:46,450027,false
1444,102,2023-11-22 21:37:24,233228,false
1445,232,2023-11-10 16:30:51,309297,false
1446,338,2024-08-27 13:00:31,512767,true
1447,127,2023-04-05 18:14:27,550585,false
1448,311,2024-04-27 22:11:22,189403,false
1449,103,2024-01-26 03:49:21,109357,true
1450,523,2023-12-02 21:40:50,60843,true
1451,220,2024-12-06 06:56:11,459067,false
1452,40,2023-04-29 07:49:25,200531,false
1453,397,2024-12-05 21:57:46,236316,false
1454,187,2023-05-28 23:02:19,182074,true
1455,594,2022-05-25 23:07:28,398019,false
1456,474,2023-08-31 08:41:49,97862,false
1457,387,2022-02-11 22:38:34,419627,false
1458,565,2023-03-06 11:36:54,545085,false
1459,36,2023-05-05 16:56:06,182556,true
1460,402,2023-04-30 04:58:00,247425,false
1461,344,2024-08-09 20:58:15,186466,true
1462,275,2022-07-18 08:09:25,79805,false
1463,535,2023-06-21 00:16:10,149929,true
1464,75,2024-07-22 23:06:08,17132,false
1465,407,2023-07-08 21:45:34,143461,false
1466,511,2024-01-18 01:51:29,130611,false
1467,296,2022-07-01 15:33:37,133836,false
1468,529,2022-09-01 08:35:43,432120,false
1469,122,2022-11-24 23:52:14,328464,true
1470,270,2024-04-16 02:13:54,121896,true
1471,490,2023-04-20 02:02:35,71402,true
1472,79,2023-03-28 09:13:38,105517,true
1473,511,2024-04-22 17:56:46,38430,false
1474,277,2022-12-26 06:21:23,255703,false
1475,287,2022-08-18 12:37:21,183211,false
1476,530,2024-04-30 09:31:43,193927,false
1477,307,2023-10-11 16:07:03,198990,false
1478,588,2023-05-08 08:30:15,216916,true
1479,224,2023-11-11 19:37:59,255590,false
1480,243,2023-08-21 20:57:42,39576,false
1481,448,2024-05-07 14:34:46,14670,true
1482,386,2022-02-23 21:37:30,103920,false
1483,101,2023-02-04 13:23:12,255868,false
1484,588,2023-05-26 14:15:49,115816,false
1485,106,2022-01-26 12:27:57,105158,false
1486,580,2024-05-03 22:25:57,107639,true
1487,474,2022-09-16 14:48:50,74582,true
1488,212,2022-12-02 21:46:06,67156,false
1489,198,2024-09-19 09:17:03,88217,false
1490,365,2022-06-24 03:05:44,161453,false
1491,291,2023-12-24 02:52:16,233387,false
1492,470,2022-06-12 23:53:43,237231,false
1493,140,2024-09-08 03:24:55,76582,false
1494,175,2024-12-21 01:50:51,294368,true
1495,2,2023-11-22 12:43:21,69709,false
1496,553,2024-11-18 00:01:54,166678,false
1497,100,2024-08-23 06:39:54,213816,true
1498,579,2022-03-11 00:45:01,254728,true
1499,147,2023-03-19 01:33:52,310424,false
1500,197,2024-03-02 16:07:16,420913,false
1501,1,2023-07-10 10:56:32,212192,true
1502,1,2023-08-18 15:17:31,206449,true
1503,1,2023-11-07 16:33:32,295945,true
1504,1,2023-07-29 09:44:50,285723,false
1505,1,2024-08-20 00:02:23,388168,false
1506,1,2023-06-12 18:06:56,138579,true
1507,1,2024-02-05 23:42:42,267359,true
1508,1,2023-05-26 00:38:10,167110,true
1509,1,2023-11-06 12:46:58,137281,false
1510,1,2024-02-18 16:10:44,181308,true
1511,1,2023-06-18 08:49:05,361662,true
1512,1,2024-03-21 04:23:51,71598,true
1513,2,2024-12-15 22:17:11,377524,false
1514,2,2024-06-07 13:13:46,136584,false
1515,2,2024-10-04 16:18:13,198349,true
1516,2,2024-12-28 04:31:15,218880,false
1517,2,2023-12-22 23:45:05,274771,true
1518,2,2024-07-04 14:27:19,239451,true
1519,2,2024-10-19 12:41:59,173806,false
1520,2,2024-06-15 12:57:18,105294,true
1521,2,2023-08-02 07:25:57,159762,true
1522,2,2023-09-10 00:31:54,301678,false
1523,2,2023-03-22 00:23:05,328000,true
1524,2,2023-04-30 23:11:30,147932,false
1525,3,2024-11-10 19:16:08,91730,true
1526,3,2024-01-24 11:34:25,200981,true
1527,3,2024-09-17 21:27:03,106056,true
1528,3,2024-07-04 08:16:17,182296,false
1529,3,2023-08-27 09:55:45,311180,true
1530,3,2023-04-27 21:29:15,237595,false
1531,3,2023-10-23 07:32:40,79145,true
1532,3,2024-02-05 02:27:59,516369,true
1533,3,2023-08-08 23:51:43,105452,true
1534,3,2024-04-23 14:25:28,332201,false
1535,3,2024-12-09 22:02:45,403894,false
1536,3,2024-04-26 09:23:09,168358,true
1537,4,2024-11-14 22:46:34,137580,false
1538,4,2023-05-23 12:24:25,230211,true
1539,4,2023-02-26 13:44:43,331688,true
1540,4,2024-06-13 06:00:08,86656,false
1541,4,2024-10-22 18:52:58,254382,true
1542,4,2023-01-08 08:57:30,204152,true
1543,4,2024-12-07 00:34:49,135926,false
1544,4,2024-03-04 23:43:26,100417,true
1545,4,2023-10-11 19:14:23,256964,true
1546,4,2023-07-15 03:42:59,114156,false
1547,4,2024-03-12 07:40:58,269978,true
1548,4,2023-11-21 19:58:20,311346,true
1549,5,2023-03-09 14:38:20,62736,false
1550,5,2023-12-07 02:41:47,154756,true
1551,5,2023-01-28 18:12:44,175075,false
1552,5,2023-08-22 17:21:16,168617,true
1553,5,2024-02-16 08:13:50,99299,false
1554,5,2024-10-23 08:59:24,246603,false
1555,5,2024-12-14 21:44:18,56190,true
1556,5,2024-05-10 00:45:22,99654,true
1557,5,2024-06-07 03:24:22,227930,false
1558,5,2023-11-28 06:03:46,402857,true
1559,5,2023-01-15 03:55:54,272945,false
1560,5,2023-06-29 00:26:05,104976,false
1561,6,2023-05-04 16:08:55,215323,true
1562,6,2023-02-03 00:45:40,339501,true
1563,6,2023-04-09 09:41:44,56454,true
1564,6,2023-09-22 09:07:45,141314,false
1565,6,2024-03-17 23:50:54,454725,true
1566,6,2023-04-20 21:20:56,372052,false
1567,6,2024-11-19 17:32:13,122064,true
1568,6,2023-03-04 13:11:49,142269,true
1569,6,2024-04-25 20:08:04,382960,true
1570,6,2024-10-03 11:37:35,217052,false
1571,6,2023-05-20 08:57:07,174331,true
1572,6,2023-10-20 11:55:13,222959,true
1573,7,2024-08-25 05:17:08,211366,true
1574,7,2023-04-25 18:05:44,110510,false
1575,7,2024-12-25 10:08:08,130291,true
1576,7,2024-06-14 07:08:07,206613,false
1577,7,2023-06-17 11:12:54,14831,false
1578,7,2023-04-21 05:06:20,187614,true
1579,7,2024-12-29 00:35:42,124620,true
1580,7,2023-07-02 06:15:14,145440,false
1581,7,2023-06-17 02:17:15,98371,true
1582,7,2023-03-05 08:52:27,156554,true
1583,7,2024-02-29 23:41:17,43056,false
1584,7,2024-02-13 04:19:38,125744,true
1585,8,2023-06-27 11:26:33,248996,false
1586,8,2024-10-20 09:06:21,169031,true
1587,8,2023-05-02 05:11:56,429736,true
1588,8,2024-05-09 13:47:22,186496,true
1589,8,2024-09-03 20:11:52,269124,false
1590,8,2024-10-07 00:07:09,385225,false
1591,8,2023-12-04 20:04:42,67839,true
1592,8,2023-12-07 18:50:14,187080,false
1593,8,2024-12-10 13:31:32,415497,true
1594,8,2023-10-28 06:46:24,287924,false
1595,8,2024-06-30 02:32:33,239141,true
1596,8,2023-11-08 21:31:05,203472,true
1597,9,2023-02-02 17:26:29,127286,true
1598,9,2023-08-19 11:48:47,432786,true
1599,9,2024-09-07 22:35:55,187842,true
1600,9,2024-02-22 21:26:39,156963,false
1601,9,2024-06-23 14:36:13,275692,false
1602,9,2024-02-19 06:01:09,356523,true
1603,9,2024-11-14 05:55:14,210270,false
1604,9,2023-07-05 00:26:04,55773,true
1605,9,2024-06-28 18:06:25,215450,true
1606,9,2024-03-23 11:37:20,123863,true
1607,9,2024-08-06 20:51:42,66359,false
1608,9,2023-08-08 07:15:50,199809,true
1609,10,2023-12-26 17:58:46,92675,true
1610,10,2024-05-15 07:12:46,61137,false
1611,10,2023-06-29 04:29:34,55528,true
1612,10,2024-03-21 18:39:08,131459,false
1613,10,2023-07-16 13:08:27,375599,true
1614,10,2023-04-29 19:58:37,374993,false
1615,10,2024-10-24 16:29:42,201755,true
1616,10,2023-08-29 01:18:19,226943,false
1617,10,2023-02-22 12:06:34,68937,true
1618,10,2023-04-10 19:58:35,169225,false
1619,10,2024-11-22 11:42:20,147923,false
1620,10,2023-02-10 09:17:46,164676,false
